{"nodes": [{"name": "0", "value": 1}, {"name": "1", "value": 1}, {"name": "2", "value": 1}, {"name": "3", "value": 1}, {"name": "4", "value": 1}, {"name": "5", "value": 1}, {"name": "6", "value": 1}, {"name": "7", "value": 1}, {"name": "8", "value": 1}, {"name": "9", "value": 1}, {"name": "10", "value": 1}, {"name": "11", "value": 1}, {"name": "12", "value": 1}, {"name": "13", "value": 1}, {"name": "14", "value": 1}, {"name": "15", "value": 1}, {"name": "16", "value": 1}, {"name": "17", "value": 1}, {"name": "18", "value": 1}, {"name": "19", "value": 1}, {"name": "slaughter annmarie", "value": 0}], "edges": [{"source": 0, "target": 20, "weight": 8.1844635822157414}, {"source": 1, "target": 20, "weight": 4.1337560374961573}, {"source": 2, "target": 20, "weight": 8.1463940610645214}, {"source": 3, "target": 20, "weight": 5.4267127687509742}, {"source": 4, "target": 20, "weight": 5.2735507220876912}, {"source": 5, "target": 20, "weight": 4.2719979299628665}, {"source": 6, "target": 20, "weight": 2.3576717100142743}, {"source": 7, "target": 20, "weight": 4.1337560346893403}, {"source": 8, "target": 20, "weight": 2.3387681161041596}, {"source": 9, "target": 20, "weight": 6.0295429187369356}, {"source": 10, "target": 20, "weight": 2.2999482429223708}, {"source": 11, "target": 20, "weight": 6.1806418190681773}, {"source": 12, "target": 20, "weight": 4.1183110345376388}, {"source": 13, "target": 20, "weight": 5.4583333201321489}, {"source": 14, "target": 20, "weight": 1.7228260852419914}, {"source": 15, "target": 20, "weight": 5.4880930130256882}, {"source": 16, "target": 20, "weight": 2.1032608653066234}, {"source": 17, "target": 20, "weight": 6.0564613453223268}, {"source": 18, "target": 20, "weight": 6.8800017486639451}, {"source": 19, "target": 20, "weight": 2.2409420282273511}]}