{"nodes": [{"name": "0", "value": 1}, {"name": "1", "value": 1}, {"name": "2", "value": 1}, {"name": "3", "value": 1}, {"name": "4", "value": 1}, {"name": "5", "value": 1}, {"name": "6", "value": 1}, {"name": "7", "value": 1}, {"name": "8", "value": 1}, {"name": "9", "value": 1}, {"name": "10", "value": 1}, {"name": "11", "value": 1}, {"name": "12", "value": 1}, {"name": "13", "value": 1}, {"name": "14", "value": 1}, {"name": "15", "value": 1}, {"name": "16", "value": 1}, {"name": "17", "value": 1}, {"name": "18", "value": 1}, {"name": "19", "value": 1}, {"name": "burns william j", "value": 0}, {"name": "sherman wendy", "value": 0}, {"name": "cue lourdes c", "value": 0}, {"name": "aclb", "value": 0}, {"name": "williamsbarrett", "value": 0}, {"name": "lynn", "value": 0}, {"name": "mark", "value": 0}, {"name": "bstrider mmoore", "value": 0}, {"name": "otero maria", "value": 0}, {"name": "steinberg james b", "value": 0}, {"name": "mtorrey", "value": 0}, {"name": "markjpenn", "value": 0}, {"name": "jacobs janice l", "value": 0}, {"name": "brian", "value": 0}, {"name": "bstrider", "value": 0}, {"name": "capricia marshall", "value": 0}, {"name": "crowleyp  state ov. preines", "value": 0}, {"name": "abedinh@state.goy", "value": 0}, {"name": "campbelikm@state.gov", "value": 0}, {"name": "lewjj@state.gov.", "value": 0}, {"name": "rosemarie howe", "value": 0}, {"name": "yeryeerms@state.goy", "value": 0}, {"name": "preines b6", "value": 0}, {"name": "doug band", "value": 0}, {"name": "vanbuskirk michael 1", "value": 0}, {"name": "briar", "value": 0}, {"name": "cheryl.mill", "value": 0}, {"name": "captuol", "value": 0}, {"name": "imuscatine", "value": 0}, {"name": "valmmorolj@state.gov", "value": 0}, {"name": "jilotylc@state.gov.", "value": 0}, {"name": "jake.sullivar", "value": 0}, {"name": "luzzatto", "value": 0}, {"name": "band doug", "value": 0}, {"name": "donald", "value": 0}, {"name": "jpier4", "value": 0}, {"name": "iewij@state.gov", "value": 0}, {"name": "holbrooke richard c", "value": 0}, {"name": "luzzatt", "value": 0}, {"name": ".", "value": 0}, {"name": "smith daniel b", "value": 0}, {"name": "sullivanjj\u00a9state ov", "value": 0}, {"name": "millscd@state.00v.", "value": 0}, {"name": "abedinh\u00a9state.gov", "value": 0}, {"name": "valmorolj@state.gov.", "value": 0}, {"name": "filotylc@state.gov.", "value": 0}, {"name": "sullivanij@state.gov", "value": 0}, {"name": "baer.danie", "value": 0}, {"name": "otero mildred (clinton)", "value": 0}, {"name": "valmorol.1@state.gov", "value": 0}, {"name": "bond michele t", "value": 0}, {"name": "emillscd@state.gov", "value": 0}, {"name": "terry.duffy", "value": 0}, {"name": "grantham suzanne l", "value": 0}, {"name": "blumenthal sidney", "value": 0}, {"name": "wburns6", "value": 0}, {"name": "talbott strobe", "value": 0}, {"name": "fuchs michael h", "value": 0}, {"name": "sgration", "value": 0}, {"name": "valmoroll@state.gov.", "value": 0}, {"name": "valmorou@state.gov", "value": 0}, {"name": "jilloty lauren c", "value": 0}, {"name": "abedinh@state.govr", "value": 0}, {"name": "kellyc@state.gov", "value": 0}, {"name": "campbell kurt m", "value": 0}, {"name": "baldersonkm@state.gov", "value": 0}, {"name": "millscd@state ov", "value": 0}, {"name": "williamsbarre0", "value": 0}, {"name": "abedin huma", "value": 0}, {"name": "lew", "value": 0}, {"name": "sullivan jj@state.gov", "value": 0}, {"name": "stern todd", "value": 0}, {"name": "lewij@state.gov", "value": 0}, {"name": "rnillscd@state.gov.", "value": 0}, {"name": "vanbuskirk michael .3", "value": 0}, {"name": "preine h", "value": 0}, {"name": "williamsbarret", "value": 0}, {"name": "berniertoth michelle", "value": 0}, {"name": "il", "value": 0}, {"name": "mhcaleja@state.gove", "value": 0}, {"name": "edwards christopher (jakarta/pro)", "value": 0}, {"name": "valmorou@state.gov.", "value": 0}, {"name": "lgraham doug band", "value": 0}, {"name": "jcooper", "value": 0}, {"name": "ieltmanjd@state.gov.", "value": 0}, {"name": "sullivanj@state.gov", "value": 0}, {"name": "daniel.baer@", "value": 0}, {"name": "hanleymr@stategov", "value": 0}, {"name": "sullivanjj@state.gov.", "value": 0}, {"name": "rnillscd@stategov.", "value": 0}, {"name": "daniel joshua j", "value": 0}, {"name": "lgraham", "value": 0}, {"name": "carson johnnie", "value": 0}, {"name": "hanleymr@state.gov.", "value": 0}, {"name": "daniel.bae", "value": 0}, {"name": "coleman claire l", "value": 0}, {"name": "c:mills cheryl", "value": 0}, {"name": "blair cherie", "value": 0}, {"name": "edwards christopher", "value": 0}, {"name": "valmorou state. ov", "value": 0}, {"name": "preine", "value": 0}, {"name": "h b6", "value": 0}, {"name": "irussorv@state.gov", "value": 0}, {"name": "kritenbrink daniel j", "value": 0}, {"name": "adams david s", "value": 0}, {"name": "doug hattaway", "value": 0}, {"name": "balderstonkm@state.gov.", "value": 0}, {"name": "coley theodore r", "value": 0}, {"name": "ramamurthy", "value": 0}, {"name": "preines sullivanij@state.gov.", "value": 0}, {"name": "jilotylc\u00a9state.gov.", "value": 0}, {"name": "cheryl.mills _", "value": 0}, {"name": "hattaway doug", "value": 0}, {"name": "tauscher ellen o", "value": 0}, {"name": "rubiner laurie", "value": 0}, {"name": "imuscatine huma abedin b6", "value": 0}, {"name": "hanleyrnr@state.gov", "value": 0}, {"name": "shah rajiv", "value": 0}, {"name": "millscd@state.gov.", "value": 0}, {"name": "crowley phillip j", "value": 0}, {"name": "pir", "value": 0}, {"name": "pj", "value": 0}, {"name": "sbwhoeop b6", "value": 0}, {"name": "posner michael h", "value": 0}, {"name": "verma richard", "value": 0}, {"name": "rsloan", "value": 0}, {"name": "rodriguezme@state.gov", "value": 0}, {"name": "howe rosemarie", "value": 0}, {"name": "hormats robert d", "value": 0}, {"name": "russo robert  v", "value": 0}, {"name": "jake.sullivar preines", "value": 0}, {"name": "mchale judith", "value": 0}, {"name": "iynn", "value": 0}, {"name": "cmarshal", "value": 0}, {"name": "pcharron", "value": 0}, {"name": "lona valmoro", "value": 0}, {"name": "evergreen", "value": 0}, {"name": "fl", "value": 0}, {"name": "crowley philip", "value": 0}, {"name": "gordon philip h", "value": 0}, {"name": "nuiand victoria j", "value": 0}, {"name": "b6", "value": 0}, {"name": "jpiercy", "value": 0}, {"name": "rooneym@state.gov", "value": 0}, {"name": "farrow jeffrey", "value": 0}, {"name": "mhcaleja@state.gov", "value": 0}, {"name": "flores oscar", "value": 0}, {"name": "feltman jeffrey d", "value": 0}, {"name": "pvervee", "value": 0}, {"name": "kennedy patrick f", "value": 0}, {"name": "slaughter annmarie", "value": 0}, {"name": "valenzuela arturo a", "value": 0}, {"name": "rosemarie.howe h", "value": 0}, {"name": "filotylc@state.gov", "value": 0}, {"name": "hanley monica r", "value": 0}, {"name": "toiv nora f", "value": 0}, {"name": "tanleyrnr@state.gov", "value": 0}, {"name": "miliscd@stategov", "value": 0}, {"name": "reines philippe f", "value": 0}, {"name": "sullivan jacob j nuland victoria 1", "value": 0}, {"name": "oscar flores", "value": 0}, {"name": "laurenjiloty", "value": 0}, {"name": "schwerin daniel b", "value": 0}, {"name": "baer daniel", "value": 0}, {"name": "beale courtney a karamer", "value": 0}, {"name": "jilotylc@state.goy", "value": 0}, {"name": "shapiro andrew j", "value": 0}, {"name": "nides thomas r", "value": 0}, {"name": "michele.flournoy", "value": 0}, {"name": "tflourno", "value": 0}, {"name": "shannon thomas a", "value": 0}, {"name": "rooney megan", "value": 0}, {"name": "pverveer", "value": 0}, {"name": "rodriguez miguel e", "value": 0}, {"name": "koh harold hongju", "value": 0}, {"name": "monica.hanle", "value": 0}, {"name": "glantz gina", "value": 0}, {"name": "mitchell george", "value": 0}, {"name": "markjpenr", "value": 0}, {"name": "woodardew@state.gov", "value": 0}, {"name": "sbwhoeo", "value": 0}, {"name": "crowley @state.  ov", "value": 0}, {"name": "ogordonph@state.gov.", "value": 0}, {"name": "tillemann tomicah", "value": 0}, {"name": "mtorrey1", "value": 0}, {"name": "laurenjiloty jilotylc@state.gov", "value": 0}, {"name": "millscd@state. ov", "value": 0}, {"name": "caputo", "value": 0}, {"name": "rshal", "value": 0}, {"name": "michele.fl", "value": 0}, {"name": "glantz.gina", "value": 0}], "edges": [{"source": 2, "target": 20, "weight": 21.041666649898126}, {"source": 7, "target": 20, "weight": 46.607142836780426}, {"source": 10, "target": 20, "weight": 23.515624993259017}, {"source": 0, "target": 21, "weight": 0.83333333333333415}, {"source": 1, "target": 21, "weight": 0.83333333333333415}, {"source": 2, "target": 21, "weight": 0.83333333333333415}, {"source": 3, "target": 21, "weight": 0.83333333333333415}, {"source": 4, "target": 21, "weight": 0.83333333333333415}, {"source": 5, "target": 21, "weight": 0.83333333333333415}, {"source": 6, "target": 21, "weight": 34.166666666666693}, {"source": 7, "target": 21, "weight": 0.83333333333333415}, {"source": 8, "target": 21, "weight": 0.83333333333333415}, {"source": 9, "target": 21, "weight": 0.83333333333333415}, {"source": 10, "target": 21, "weight": 0.83333333333333415}, {"source": 11, "target": 21, "weight": 0.83333333333333415}, {"source": 12, "target": 21, "weight": 0.83333333333333415}, {"source": 13, "target": 21, "weight": 0.83333333333333415}, {"source": 14, "target": 21, "weight": 0.83333333333333415}, {"source": 15, "target": 21, "weight": 44.047619002571786}, {"source": 16, "target": 21, "weight": 0.83333333333333415}, {"source": 17, "target": 21, "weight": 0.83333333333333415}, {"source": 18, "target": 21, "weight": 0.83333333333333415}, {"source": 19, "target": 21, "weight": 0.83333333333333415}, {"source": 5, "target": 22, "weight": 92.083333293768732}, {"source": 7, "target": 23, "weight": 84.166666615251444}, {"source": 6, "target": 24, "weight": 17.285714254584825}, {"source": 9, "target": 24, "weight": 19.788888881103023}, {"source": 10, "target": 24, "weight": 16.833333312377306}, {"source": 12, "target": 24, "weight": 18.538461529349114}, {"source": 14, "target": 24, "weight": 17.285714265173148}, {"source": 7, "target": 25, "weight": 94.722222183262119}, {"source": 17, "target": 26, "weight": 84.166666599403058}, {"source": 18, "target": 27, "weight": 95.681818164655709}, {"source": 0, "target": 28, "weight": 0.41666666684671827}, {"source": 1, "target": 28, "weight": 0.4166666666666673}, {"source": 2, "target": 28, "weight": 0.41666666666666685}, {"source": 3, "target": 28, "weight": 0.41666666666666874}, {"source": 4, "target": 28, "weight": 0.4166666672427769}, {"source": 5, "target": 28, "weight": 25.416666647446011}, {"source": 6, "target": 28, "weight": 29.791666623314836}, {"source": 7, "target": 28, "weight": 0.41666667234142907}, {"source": 8, "target": 28, "weight": 0.41666666674286718}, {"source": 9, "target": 28, "weight": 0.41666666764053678}, {"source": 10, "target": 28, "weight": 0.41666666666666685}, {"source": 11, "target": 28, "weight": 0.4166666677857308}, {"source": 12, "target": 28, "weight": 0.41666666666666685}, {"source": 13, "target": 28, "weight": 0.41666666666666685}, {"source": 14, "target": 28, "weight": 0.41666666666666685}, {"source": 15, "target": 28, "weight": 0.41666666666666685}, {"source": 16, "target": 28, "weight": 31.111111088861431}, {"source": 17, "target": 28, "weight": 0.41666666666666685}, {"source": 18, "target": 28, "weight": 0.41666666666666685}, {"source": 19, "target": 28, "weight": 0.41666666951815046}, {"source": 11, "target": 29, "weight": 32.311827952059978}, {"source": 15, "target": 29, "weight": 64.482758603170936}, {"source": 7, "target": 30, "weight": 43.21428570416839}, {"source": 16, "target": 30, "weight": 46.346153802472529}, {"source": 2, "target": 31, "weight": 48.749999992663469}, {"source": 4, "target": 31, "weight": 47.49999998535035}, {"source": 0, "target": 32, "weight": 1.2500000105709126}, {"source": 1, "target": 32, "weight": 1.250000011641057}, {"source": 2, "target": 32, "weight": 1.2500000259439077}, {"source": 3, "target": 32, "weight": 1.2500000527044683}, {"source": 4, "target": 32, "weight": 1.2500000000000007}, {"source": 5, "target": 32, "weight": 1.2500000355695313}, {"source": 6, "target": 32, "weight": 1.2500000343907898}, {"source": 7, "target": 32, "weight": 1.2500000162070901}, {"source": 8, "target": 32, "weight": 1.2500000000000007}, {"source": 9, "target": 32, "weight": 1.2500000168128194}, {"source": 10, "target": 32, "weight": 1.2500000085825513}, {"source": 11, "target": 32, "weight": 1.2500000000000007}, {"source": 12, "target": 32, "weight": 1.2500000040698502}, {"source": 13, "target": 32, "weight": 1.2500000109956093}, {"source": 14, "target": 32, "weight": 76.249999726194133}, {"source": 15, "target": 32, "weight": 1.2500000000000007}, {"source": 16, "target": 32, "weight": 1.2500000107666778}, {"source": 17, "target": 32, "weight": 1.2500000000000007}, {"source": 18, "target": 32, "weight": 1.2500000103998812}, {"source": 19, "target": 32, "weight": 1.2500000251507331}, {"source": 0, "target": 33, "weight": 97.36111110348331}, {"source": 9, "target": 34, "weight": 47.499999953890075}, {"source": 18, "target": 34, "weight": 47.84090908232718}, {"source": 0, "target": 35, "weight": 1.2500000000000004}, {"source": 1, "target": 35, "weight": 1.2500000000000004}, {"source": 2, "target": 35, "weight": 1.2500000000000004}, {"source": 3, "target": 35, "weight": 1.2500000000000004}, {"source": 4, "target": 35, "weight": 1.2500000000000004}, {"source": 5, "target": 35, "weight": 1.2500000194273164}, {"source": 6, "target": 35, "weight": 1.2500000000000004}, {"source": 7, "target": 35, "weight": 1.2500000321953557}, {"source": 8, "target": 35, "weight": 1.2500000000000004}, {"source": 9, "target": 35, "weight": 1.2500000048827813}, {"source": 10, "target": 35, "weight": 1.2500000000000004}, {"source": 11, "target": 35, "weight": 1.2500000000000004}, {"source": 12, "target": 35, "weight": 76.249999932275287}, {"source": 13, "target": 35, "weight": 1.2500000000000004}, {"source": 14, "target": 35, "weight": 1.2500000000000004}, {"source": 15, "target": 35, "weight": 1.2500000000000004}, {"source": 16, "target": 35, "weight": 1.2500000000000004}, {"source": 17, "target": 35, "weight": 1.2500000106416043}, {"source": 18, "target": 35, "weight": 1.2500000000000004}, {"source": 19, "target": 35, "weight": 1.2500000005776772}, {"source": 12, "target": 36, "weight": 96.607142829977036}, {"source": 0, "target": 37, "weight": 1.6666666670197381}, {"source": 1, "target": 37, "weight": 1.6666666676729041}, {"source": 2, "target": 37, "weight": 68.333333278916399}, {"source": 3, "target": 37, "weight": 1.6666666783185156}, {"source": 4, "target": 37, "weight": 1.6666666666666674}, {"source": 5, "target": 37, "weight": 1.666666666766927}, {"source": 6, "target": 37, "weight": 1.6666666666809962}, {"source": 7, "target": 37, "weight": 1.6666666666666674}, {"source": 8, "target": 37, "weight": 1.6666666675840027}, {"source": 9, "target": 37, "weight": 1.6666666671844712}, {"source": 10, "target": 37, "weight": 1.6666666666666674}, {"source": 11, "target": 37, "weight": 1.6666666729315076}, {"source": 12, "target": 37, "weight": 1.6666666674791755}, {"source": 13, "target": 37, "weight": 1.6666666666718548}, {"source": 14, "target": 37, "weight": 1.6666666666666674}, {"source": 15, "target": 37, "weight": 1.6666666670138159}, {"source": 16, "target": 37, "weight": 1.6666666666670418}, {"source": 17, "target": 37, "weight": 1.6666666685726357}, {"source": 18, "target": 37, "weight": 1.6666666670037367}, {"source": 19, "target": 37, "weight": 1.6666666968496402}, {"source": 0, "target": 38, "weight": 0.25000000041125325}, {"source": 1, "target": 38, "weight": 0.25000000000000089}, {"source": 2, "target": 38, "weight": 0.25000000001087042}, {"source": 3, "target": 38, "weight": 0.25000000003102946}, {"source": 4, "target": 38, "weight": 0.2500000014784941}, {"source": 5, "target": 38, "weight": 0.25000000496499658}, {"source": 6, "target": 38, "weight": 0.25000001085587936}, {"source": 7, "target": 38, "weight": 0.25000000252769772}, {"source": 8, "target": 38, "weight": 0.25000000155357621}, {"source": 9, "target": 38, "weight": 0.2500000045676633}, {"source": 10, "target": 38, "weight": 0.25000000183376753}, {"source": 11, "target": 38, "weight": 0.25000000031924074}, {"source": 13, "target": 38, "weight": 20.249999962485564}, {"source": 15, "target": 38, "weight": 0.2500000017478346}, {"source": 17, "target": 38, "weight": 21.291666576804651}, {"source": 18, "target": 38, "weight": 24.17045454088306}, {"source": 19, "target": 38, "weight": 23.666666659723258}, {"source": 10, "target": 39, "weight": 91.363636351972474}, {"source": 0, "target": 40, "weight": 2.0833333333333335}, {"source": 1, "target": 40, "weight": 2.0833333333333339}, {"source": 2, "target": 40, "weight": 2.0833333333333335}, {"source": 3, "target": 40, "weight": 2.0833333333333335}, {"source": 4, "target": 40, "weight": 2.0833333333333335}, {"source": 5, "target": 40, "weight": 2.0833333333333335}, {"source": 6, "target": 40, "weight": 2.0833333333333335}, {"source": 7, "target": 40, "weight": 2.0833333333333335}, {"source": 8, "target": 40, "weight": 2.0833333466368176}, {"source": 9, "target": 40, "weight": 27.083333333333329}, {"source": 10, "target": 40, "weight": 2.0833333455150709}, {"source": 11, "target": 40, "weight": 2.0833333479481828}, {"source": 12, "target": 40, "weight": 2.0833333333333339}, {"source": 13, "target": 40, "weight": 2.0833333333333339}, {"source": 14, "target": 40, "weight": 2.0833335477991612}, {"source": 15, "target": 40, "weight": 35.416666400349605}, {"source": 16, "target": 40, "weight": 2.0833333333333339}, {"source": 17, "target": 40, "weight": 2.0833333333333335}, {"source": 18, "target": 40, "weight": 2.0833333450845037}, {"source": 19, "target": 40, "weight": 2.0833333333333335}, {"source": 19, "target": 41, "weight": 88.124999966987716}, {"source": 0, "target": 42, "weight": 2.5}, {"source": 1, "target": 42, "weight": 2.5}, {"source": 2, "target": 42, "weight": 2.5000000093634065}, {"source": 3, "target": 42, "weight": 2.5000001628395432}, {"source": 4, "target": 42, "weight": 2.5}, {"source": 5, "target": 42, "weight": 2.5}, {"source": 6, "target": 42, "weight": 2.5000000238479867}, {"source": 7, "target": 42, "weight": 2.5}, {"source": 8, "target": 42, "weight": 2.5000000249747139}, {"source": 9, "target": 42, "weight": 2.5}, {"source": 10, "target": 42, "weight": 2.5000000228688526}, {"source": 11, "target": 42, "weight": 2.5}, {"source": 12, "target": 42, "weight": 2.5000000351676053}, {"source": 13, "target": 42, "weight": 52.499999654436913}, {"source": 14, "target": 42, "weight": 2.5}, {"source": 15, "target": 42, "weight": 2.5000000096430361}, {"source": 16, "target": 42, "weight": 2.5000000110869651}, {"source": 17, "target": 42, "weight": 2.5000000099881747}, {"source": 18, "target": 42, "weight": 2.5000000220605449}, {"source": 19, "target": 42, "weight": 2.5000000137222549}, {"source": 0, "target": 43, "weight": 32.453703700968944}, {"source": 5, "target": 43, "weight": 32.401960774446586}, {"source": 7, "target": 43, "weight": 28.809523797695913}, {"source": 7, "target": 44, "weight": 93.214285689510703}, {"source": 0, "target": 45, "weight": 97.36111110348331}, {"source": 16, "target": 46, "weight": 7.4359457542603273}, {"source": 17, "target": 46, "weight": 79.022387445250104}, {"source": 1, "target": 47, "weight": 96.04166663213627}, {"source": 0, "target": 48, "weight": 3.2121722052946975}, {"source": 1, "target": 48, "weight": 0.54878049341826785}, {"source": 2, "target": 48, "weight": 7.3863482409366652}, {"source": 3, "target": 48, "weight": 10.412601609477088}, {"source": 4, "target": 48, "weight": 9.030036148751579}, {"source": 5, "target": 48, "weight": 2.6981707326576938}, {"source": 6, "target": 48, "weight": 9.5995934578606157}, {"source": 7, "target": 48, "weight": 6.3888888728663371}, {"source": 8, "target": 48, "weight": 2.8658536600880584}, {"source": 9, "target": 48, "weight": 0.54878049367458304}, {"source": 10, "target": 48, "weight": 0.54878048977993621}, {"source": 11, "target": 48, "weight": 14.517840999409122}, {"source": 12, "target": 48, "weight": 0.54878049366736581}, {"source": 13, "target": 48, "weight": 0.54878049121713868}, {"source": 14, "target": 48, "weight": 4.3821137941069894}, {"source": 15, "target": 48, "weight": 2.690450905783123}, {"source": 16, "target": 48, "weight": 8.9795552197794155}, {"source": 17, "target": 48, "weight": 6.4322009180048134}, {"source": 18, "target": 48, "weight": 2.7771618683834203}, {"source": 19, "target": 48, "weight": 0.54878049307069998}, {"source": 0, "target": 49, "weight": 0.50574715474787946}, {"source": 1, "target": 49, "weight": 9.4815270456320526}, {"source": 2, "target": 49, "weight": 3.4206178175864199}, {"source": 3, "target": 49, "weight": 1.9568965514958718}, {"source": 4, "target": 49, "weight": 1.9568965530660263}, {"source": 5, "target": 49, "weight": 4.033112529809646}, {"source": 6, "target": 49, "weight": 2.1479885072289551}, {"source": 7, "target": 49, "weight": 4.6797706127933214}, {"source": 8, "target": 49, "weight": 4.2002378371666538}, {"source": 9, "target": 49, "weight": 8.2729462468011619}, {"source": 10, "target": 49, "weight": 6.8200733594143577}, {"source": 11, "target": 49, "weight": 4.4183086858960561}, {"source": 12, "target": 49, "weight": 8.7351733230247284}, {"source": 13, "target": 49, "weight": 3.3409961675559749}, {"source": 14, "target": 49, "weight": 1.9568965527420259}, {"source": 15, "target": 49, "weight": 5.3159982527449028}, {"source": 16, "target": 49, "weight": 3.5445402278450278}, {"source": 17, "target": 49, "weight": 9.4502509288605818}, {"source": 18, "target": 49, "weight": 2.0478927209689344}, {"source": 19, "target": 49, "weight": 6.9980599666827361}, {"source": 0, "target": 50, "weight": 15.708333332973091}, {"source": 1, "target": 50, "weight": 0.62500000199637806}, {"source": 2, "target": 50, "weight": 8.9583332626017391}, {"source": 3, "target": 50, "weight": 0.62500000355367502}, {"source": 4, "target": 50, "weight": 0.62500000026272695}, {"source": 5, "target": 50, "weight": 0.625000000957038}, {"source": 6, "target": 50, "weight": 0.62500000141276613}, {"source": 7, "target": 50, "weight": 24.675117556517343}, {"source": 8, "target": 50, "weight": 5.4290490638581472}, {"source": 9, "target": 50, "weight": 16.160714272690324}, {"source": 10, "target": 50, "weight": 0.6250000067089605}, {"source": 11, "target": 50, "weight": 0.62500001273210515}, {"source": 12, "target": 50, "weight": 0.62500000032402325}, {"source": 13, "target": 50, "weight": 0.62500000262982769}, {"source": 14, "target": 50, "weight": 13.124999988072179}, {"source": 15, "target": 50, "weight": 0.6250000007461447}, {"source": 16, "target": 50, "weight": 0.62500000140862522}, {"source": 17, "target": 50, "weight": 0.62500001210925826}, {"source": 18, "target": 50, "weight": 0.62500000423374003}, {"source": 19, "target": 50, "weight": 0.62500001897348489}, {"source": 0, "target": 51, "weight": 0.33333333902287005}, {"source": 1, "target": 51, "weight": 0.33333333333336596}, {"source": 2, "target": 51, "weight": 0.33333333333333337}, {"source": 3, "target": 51, "weight": 0.33333333958985767}, {"source": 4, "target": 51, "weight": 0.3333333370694137}, {"source": 5, "target": 51, "weight": 0.33333333670226001}, {"source": 6, "target": 51, "weight": 31.230769216146282}, {"source": 7, "target": 51, "weight": 0.33333333721375963}, {"source": 8, "target": 51, "weight": 0.33333333862183079}, {"source": 9, "target": 51, "weight": 0.33333333944323212}, {"source": 10, "target": 51, "weight": 0.33333334019790867}, {"source": 11, "target": 51, "weight": 0.33333334313453589}, {"source": 12, "target": 51, "weight": 0.33333333675507587}, {"source": 13, "target": 51, "weight": 0.33333334524171981}, {"source": 14, "target": 51, "weight": 0.3333333400288363}, {"source": 15, "target": 51, "weight": 0.33333333964942496}, {"source": 16, "target": 51, "weight": 0.33333333359163253}, {"source": 17, "target": 51, "weight": 30.500000035219458}, {"source": 18, "target": 51, "weight": 26.999999859959772}, {"source": 19, "target": 51, "weight": 0.33333333791947756}, {"source": 4, "target": 52, "weight": 42.08333330619751}, {"source": 19, "target": 52, "weight": 44.062499963064781}, {"source": 0, "target": 53, "weight": 97.361111102907316}, {"source": 7, "target": 54, "weight": 89.444444420891955}, {"source": 0, "target": 55, "weight": 1.2500000553899944}, {"source": 1, "target": 55, "weight": 1.2500000004675254}, {"source": 2, "target": 55, "weight": 1.2500000000029603}, {"source": 3, "target": 55, "weight": 1.2500000005485001}, {"source": 4, "target": 55, "weight": 1.250000012215343}, {"source": 5, "target": 55, "weight": 1.2500000104207547}, {"source": 6, "target": 55, "weight": 1.2500000003755984}, {"source": 7, "target": 55, "weight": 1.2500000107130309}, {"source": 8, "target": 55, "weight": 1.2500000002423892}, {"source": 9, "target": 55, "weight": 1.2500000293157321}, {"source": 10, "target": 55, "weight": 1.2500000246474237}, {"source": 11, "target": 55, "weight": 1.2500000283354562}, {"source": 12, "target": 55, "weight": 1.2500000601344501}, {"source": 13, "target": 55, "weight": 1.2500000000021614}, {"source": 14, "target": 55, "weight": 1.250000000026195}, {"source": 15, "target": 55, "weight": 1.2500000295151095}, {"source": 16, "target": 55, "weight": 1.2500000000001166}, {"source": 17, "target": 55, "weight": 76.249999415146092}, {"source": 18, "target": 55, "weight": 1.2500000104284554}, {"source": 19, "target": 55, "weight": 1.250000312072735}, {"source": 0, "target": 56, "weight": 1.2500000000000004}, {"source": 1, "target": 56, "weight": 1.2500000000088938}, {"source": 2, "target": 56, "weight": 1.250000025879201}, {"source": 3, "target": 56, "weight": 1.2500000000000004}, {"source": 4, "target": 56, "weight": 1.2500000390727894}, {"source": 5, "target": 56, "weight": 1.2500000098287749}, {"source": 6, "target": 56, "weight": 1.2500000091926091}, {"source": 7, "target": 56, "weight": 1.2500000000000004}, {"source": 8, "target": 56, "weight": 1.2500000014229633}, {"source": 9, "target": 56, "weight": 1.2500000219946583}, {"source": 10, "target": 56, "weight": 1.250000009511941}, {"source": 11, "target": 56, "weight": 1.2500000062109096}, {"source": 12, "target": 56, "weight": 1.2500000190811269}, {"source": 13, "target": 56, "weight": 76.249999820424506}, {"source": 14, "target": 56, "weight": 1.2500000332450347}, {"source": 15, "target": 56, "weight": 1.2500000041266093}, {"source": 16, "target": 56, "weight": 1.2500000000000004}, {"source": 17, "target": 56, "weight": 1.2500000000000004}, {"source": 18, "target": 56, "weight": 1.2500000000000004}, {"source": 19, "target": 56, "weight": 1.2500000000000004}, {"source": 3, "target": 57, "weight": 88.124999761230228}, {"source": 19, "target": 58, "weight": 88.124999930796847}, {"source": 17, "target": 59, "weight": 88.124999939509607}, {"source": 0, "target": 60, "weight": 1.0000000206256081}, {"source": 1, "target": 60, "weight": 1.0000000013061772}, {"source": 2, "target": 60, "weight": 1.0000000096326087}, {"source": 3, "target": 60, "weight": 1.0000000192800769}, {"source": 4, "target": 60, "weight": 1.0000000119176879}, {"source": 5, "target": 60, "weight": 1.0000000296152123}, {"source": 6, "target": 60, "weight": 1.0000000236684334}, {"source": 7, "target": 60, "weight": 1.0000000096945614}, {"source": 8, "target": 60, "weight": 1.0000000360227721}, {"source": 9, "target": 60, "weight": 1.000000014806494}, {"source": 10, "target": 60, "weight": 1.0000000269033515}, {"source": 11, "target": 60, "weight": 1.0000000337356767}, {"source": 12, "target": 60, "weight": 80.99999962092798}, {"source": 13, "target": 60, "weight": 1.0000000298894736}, {"source": 14, "target": 60, "weight": 1.0000000137754912}, {"source": 15, "target": 60, "weight": 1.0000000147789823}, {"source": 16, "target": 60, "weight": 1.0000000090301704}, {"source": 17, "target": 60, "weight": 1.0000000542736667}, {"source": 18, "target": 60, "weight": 1.0000000061080965}, {"source": 19, "target": 60, "weight": 1.0000000140074683}, {"source": 0, "target": 61, "weight": 96.935483830358677}, {"source": 12, "target": 62, "weight": 86.428571422298646}, {"source": 0, "target": 63, "weight": 1.2500000076723117}, {"source": 1, "target": 63, "weight": 1.2500001045506908}, {"source": 2, "target": 63, "weight": 1.2500000218480147}, {"source": 3, "target": 63, "weight": 1.250000005042035}, {"source": 4, "target": 63, "weight": 1.2500000032266276}, {"source": 5, "target": 63, "weight": 1.2500000212734947}, {"source": 6, "target": 63, "weight": 76.249999721075994}, {"source": 7, "target": 63, "weight": 1.2500000141462047}, {"source": 8, "target": 63, "weight": 1.2500000000000007}, {"source": 9, "target": 63, "weight": 1.2500000000000007}, {"source": 10, "target": 63, "weight": 1.2500000029942828}, {"source": 11, "target": 63, "weight": 1.2500000246998157}, {"source": 12, "target": 63, "weight": 1.2500000164200289}, {"source": 13, "target": 63, "weight": 1.2500000000006732}, {"source": 14, "target": 63, "weight": 1.2500000000000007}, {"source": 15, "target": 63, "weight": 1.2500000000000007}, {"source": 16, "target": 63, "weight": 1.2500000000000007}, {"source": 17, "target": 63, "weight": 1.2500000233058124}, {"source": 18, "target": 63, "weight": 1.2500000234863213}, {"source": 19, "target": 63, "weight": 1.2500000102577284}, {"source": 18, "target": 64, "weight": 89.444444341670049}, {"source": 11, "target": 65, "weight": 46.346153838952944}, {"source": 14, "target": 65, "weight": 44.062499948492636}, {"source": 1, "target": 66, "weight": 30.694444427096663}, {"source": 4, "target": 66, "weight": 29.374999967551783}, {"source": 9, "target": 66, "weight": 28.809523799393073}, {"source": 0, "target": 67, "weight": 10.992508296964745}, {"source": 15, "target": 67, "weight": 87.807491681915025}, {"source": 9, "target": 68, "weight": 89.444444389459051}, {"source": 5, "target": 69, "weight": 32.286271286004443}, {"source": 7, "target": 69, "weight": 63.213728674825276}, {"source": 6, "target": 70, "weight": 89.444444403547806}, {"source": 11, "target": 71, "weight": 45.68181815695953}, {"source": 17, "target": 71, "weight": 44.722221965346037}, {"source": 6, "target": 72, "weight": 93.666666622332414}, {"source": 6, "target": 73, "weight": 94.722222195834178}, {"source": 0, "target": 74, "weight": 13.499999999939419}, {"source": 1, "target": 74, "weight": 0.16666666666666677}, {"source": 2, "target": 74, "weight": 0.16666666672725788}, {"source": 3, "target": 74, "weight": 0.16666666666666677}, {"source": 4, "target": 74, "weight": 0.16666666666666677}, {"source": 5, "target": 74, "weight": 0.16666666666666677}, {"source": 6, "target": 74, "weight": 0.16666666666666677}, {"source": 7, "target": 74, "weight": 11.505227117005125}, {"source": 8, "target": 74, "weight": 0.16666666666666677}, {"source": 9, "target": 74, "weight": 0.16666666666666677}, {"source": 10, "target": 74, "weight": 4.5572728715858277}, {"source": 11, "target": 74, "weight": 15.24999996990574}, {"source": 12, "target": 74, "weight": 0.16666666666666677}, {"source": 13, "target": 74, "weight": 20.185507072162036}, {"source": 14, "target": 74, "weight": 16.079365076528521}, {"source": 15, "target": 74, "weight": 3.5316536434086103}, {"source": 16, "target": 74, "weight": 0.16666666666666677}, {"source": 17, "target": 74, "weight": 0.16666666666666677}, {"source": 18, "target": 74, "weight": 2.1538820124047429}, {"source": 19, "target": 74, "weight": 6.250485032748573}, {"source": 15, "target": 75, "weight": 96.724137904757285}, {"source": 0, "target": 76, "weight": 5.9694403615111931}, {"source": 7, "target": 76, "weight": 29.067666089801889}, {"source": 12, "target": 76, "weight": 45.249999960203297}, {"source": 19, "target": 76, "weight": 12.861267522368125}, {"source": 0, "target": 77, "weight": 0.25000000000025913}, {"source": 1, "target": 77, "weight": 0.25000000002545025}, {"source": 2, "target": 77, "weight": 0.25000000070459544}, {"source": 3, "target": 77, "weight": 0.25000000003748502}, {"source": 4, "target": 77, "weight": 0.25000000000437061}, {"source": 5, "target": 77, "weight": 22.61111108542498}, {"source": 6, "target": 77, "weight": 0.25000000049252391}, {"source": 7, "target": 77, "weight": 22.281249979037195}, {"source": 8, "target": 77, "weight": 0.25000000145872964}, {"source": 9, "target": 77, "weight": 0.25000000207543183}, {"source": 10, "target": 77, "weight": 0.25000000000001388}, {"source": 11, "target": 77, "weight": 0.25000000099988706}, {"source": 12, "target": 77, "weight": 0.25000000004701928}, {"source": 13, "target": 77, "weight": 0.25000000000004652}, {"source": 14, "target": 77, "weight": 0.25000000264628036}, {"source": 15, "target": 77, "weight": 0.25000000000245948}, {"source": 16, "target": 77, "weight": 0.25000000000000533}, {"source": 17, "target": 77, "weight": 0.25000000150520252}, {"source": 18, "target": 77, "weight": 24.53030302881012}, {"source": 19, "target": 77, "weight": 20.249999988420569}, {"source": 5, "target": 78, "weight": 93.666666603739287}, {"source": 10, "target": 79, "weight": 92.083333266684335}, {"source": 0, "target": 80, "weight": 3.0564516033684583}, {"source": 1, "target": 80, "weight": 17.411154924555426}, {"source": 2, "target": 80, "weight": 3.4798387132428319}, {"source": 3, "target": 80, "weight": 4.8958010904393001}, {"source": 4, "target": 80, "weight": 0.63709677593660652}, {"source": 5, "target": 80, "weight": 0.63709677826355282}, {"source": 6, "target": 80, "weight": 1.7884126768875821}, {"source": 7, "target": 80, "weight": 3.3521505421846802}, {"source": 8, "target": 80, "weight": 2.1372861436254187}, {"source": 9, "target": 80, "weight": 11.246454493703302}, {"source": 10, "target": 80, "weight": 3.4251152067117507}, {"source": 11, "target": 80, "weight": 2.2499999960029911}, {"source": 12, "target": 80, "weight": 5.6370967709477631}, {"source": 13, "target": 80, "weight": 5.9417562672822024}, {"source": 14, "target": 80, "weight": 3.3521505367635442}, {"source": 15, "target": 80, "weight": 5.3425666153601714}, {"source": 16, "target": 80, "weight": 3.3521505385320998}, {"source": 17, "target": 80, "weight": 6.2109902573152631}, {"source": 18, "target": 80, "weight": 0.63709677867350134}, {"source": 19, "target": 80, "weight": 8.9125078983990687}, {"source": 0, "target": 81, "weight": 4.2022630837121717}, {"source": 1, "target": 81, "weight": 4.7277227649121132}, {"source": 2, "target": 81, "weight": 8.5042596556607162}, {"source": 3, "target": 81, "weight": 2.4880166590424473}, {"source": 4, "target": 81, "weight": 3.77686537413273}, {"source": 5, "target": 81, "weight": 0.746699672548786}, {"source": 6, "target": 81, "weight": 2.9599889050401766}, {"source": 7, "target": 81, "weight": 10.45401540104392}, {"source": 8, "target": 81, "weight": 3.2190615071991178}, {"source": 9, "target": 81, "weight": 5.4027827661370118}, {"source": 10, "target": 81, "weight": 5.4758690187572592}, {"source": 11, "target": 81, "weight": 8.2381971425595051}, {"source": 12, "target": 81, "weight": 1.2896459253300143}, {"source": 13, "target": 81, "weight": 2.5957571740168235}, {"source": 14, "target": 81, "weight": 7.2393367755519131}, {"source": 15, "target": 81, "weight": 3.7125766099932398}, {"source": 16, "target": 81, "weight": 1.901815172686866}, {"source": 17, "target": 81, "weight": 4.3643123314204377}, {"source": 18, "target": 81, "weight": 4.4544228486175275}, {"source": 19, "target": 81, "weight": 7.9957326074936139}, {"source": 19, "target": 82, "weight": 91.363636304972857}, {"source": 6, "target": 83, "weight": 97.934782599548413}, {"source": 0, "target": 84, "weight": 8.6869509346519838}, {"source": 1, "target": 84, "weight": 0.1666666666666673}, {"source": 2, "target": 84, "weight": 0.16666666667390712}, {"source": 3, "target": 84, "weight": 0.16666666668733429}, {"source": 4, "target": 84, "weight": 16.393518517906269}, {"source": 5, "target": 84, "weight": 7.6608751418883649}, {"source": 6, "target": 84, "weight": 15.615384609477386}, {"source": 7, "target": 84, "weight": 0.16666666835027055}, {"source": 8, "target": 84, "weight": 0.16666666770144906}, {"source": 9, "target": 84, "weight": 0.16666666970903948}, {"source": 10, "target": 84, "weight": 0.1666666678880758}, {"source": 11, "target": 84, "weight": 0.16666666687930168}, {"source": 12, "target": 84, "weight": 0.16666666666666669}, {"source": 13, "target": 84, "weight": 13.499999980068727}, {"source": 14, "target": 84, "weight": 0.16666666666666669}, {"source": 15, "target": 84, "weight": 0.16666666786097289}, {"source": 16, "target": 84, "weight": 0.16666666666666669}, {"source": 17, "target": 84, "weight": 0.16666666755269383}, {"source": 18, "target": 84, "weight": 16.113636360587329}, {"source": 19, "target": 84, "weight": 15.777777773146655}, {"source": 0, "target": 85, "weight": 0.22222222241363709}, {"source": 1, "target": 85, "weight": 0.22222222390782725}, {"source": 2, "target": 85, "weight": 21.207070675475499}, {"source": 3, "target": 85, "weight": 0.22222222284247176}, {"source": 4, "target": 85, "weight": 19.951566927679721}, {"source": 5, "target": 85, "weight": 0.22222222432076108}, {"source": 6, "target": 85, "weight": 0.22222222480205978}, {"source": 7, "target": 85, "weight": 9.8253968236906779}, {"source": 8, "target": 85, "weight": 0.22222222747847933}, {"source": 9, "target": 85, "weight": 10.160493824506556}, {"source": 10, "target": 85, "weight": 0.22222222318181201}, {"source": 11, "target": 85, "weight": 0.22222222628661881}, {"source": 12, "target": 85, "weight": 0.22222222817549736}, {"source": 13, "target": 85, "weight": 0.22222222343985804}, {"source": 14, "target": 85, "weight": 0.2222222239059648}, {"source": 15, "target": 85, "weight": 10.277777772660924}, {"source": 16, "target": 85, "weight": 0.22222222685544959}, {"source": 17, "target": 85, "weight": 0.22222222578767989}, {"source": 18, "target": 85, "weight": 19.902356875634982}, {"source": 19, "target": 85, "weight": 0.22222222403418343}, {"source": 0, "target": 86, "weight": 1.2500000243537073}, {"source": 1, "target": 86, "weight": 1.2500003892871627}, {"source": 2, "target": 86, "weight": 1.2500000000002074}, {"source": 3, "target": 86, "weight": 1.25000002432033}, {"source": 4, "target": 86, "weight": 1.2500000257547959}, {"source": 5, "target": 86, "weight": 1.2500000031700875}, {"source": 6, "target": 86, "weight": 1.2500000354772356}, {"source": 7, "target": 86, "weight": 1.2500000136961493}, {"source": 8, "target": 86, "weight": 1.2500000165995482}, {"source": 9, "target": 86, "weight": 1.2500000221162182}, {"source": 10, "target": 86, "weight": 76.249999423083153}, {"source": 11, "target": 86, "weight": 1.2500000000001639}, {"source": 12, "target": 86, "weight": 1.2500000000021698}, {"source": 13, "target": 86, "weight": 1.2500000000000111}, {"source": 14, "target": 86, "weight": 1.2500000000040181}, {"source": 15, "target": 86, "weight": 1.2500000041838732}, {"source": 16, "target": 86, "weight": 1.2500000000000042}, {"source": 17, "target": 86, "weight": 1.2500000132887259}, {"source": 18, "target": 86, "weight": 1.2500000038382253}, {"source": 19, "target": 86, "weight": 1.2500000008242407}, {"source": 14, "target": 87, "weight": 86.428571313648376}, {"source": 0, "target": 88, "weight": 2.7444748205309364}, {"source": 1, "target": 88, "weight": 7.9690620242475383}, {"source": 2, "target": 88, "weight": 4.1236187077392481}, {"source": 3, "target": 88, "weight": 6.454854498816986}, {"source": 4, "target": 88, "weight": 3.3020809551951609}, {"source": 5, "target": 88, "weight": 5.4405689641721482}, {"source": 6, "target": 88, "weight": 5.1560123952080881}, {"source": 7, "target": 88, "weight": 4.1653280930959813}, {"source": 8, "target": 88, "weight": 6.3696270340638357}, {"source": 9, "target": 88, "weight": 5.6327258781661627}, {"source": 10, "target": 88, "weight": 3.0575030038027173}, {"source": 11, "target": 88, "weight": 4.7376082284856995}, {"source": 12, "target": 88, "weight": 4.1643312814891082}, {"source": 13, "target": 88, "weight": 3.8697126608574082}, {"source": 14, "target": 88, "weight": 3.8714365351248738}, {"source": 15, "target": 88, "weight": 2.9696937084229083}, {"source": 16, "target": 88, "weight": 4.7155449827239213}, {"source": 17, "target": 88, "weight": 4.9711805809777019}, {"source": 18, "target": 88, "weight": 3.0446217148224024}, {"source": 19, "target": 88, "weight": 6.2773675071160389}, {"source": 0, "target": 89, "weight": 0.34895833342744259}, {"source": 1, "target": 89, "weight": 0.34895833334019138}, {"source": 2, "target": 89, "weight": 17.49816175832953}, {"source": 3, "target": 89, "weight": 0.3489583335664756}, {"source": 4, "target": 89, "weight": 5.036458329433307}, {"source": 5, "target": 89, "weight": 0.34895833771785462}, {"source": 6, "target": 89, "weight": 0.34895833539357823}, {"source": 7, "target": 89, "weight": 6.1041666621816573}, {"source": 8, "target": 89, "weight": 6.1041666990309995}, {"source": 9, "target": 89, "weight": 6.142227563398138}, {"source": 10, "target": 89, "weight": 11.93809185558796}, {"source": 11, "target": 89, "weight": 6.4074260766460043}, {"source": 12, "target": 89, "weight": 5.6093749974303799}, {"source": 13, "target": 89, "weight": 4.5156249821591601}, {"source": 14, "target": 89, "weight": 0.3489583391755447}, {"source": 15, "target": 89, "weight": 0.34895834588898533}, {"source": 16, "target": 89, "weight": 0.34895833343398908}, {"source": 17, "target": 89, "weight": 0.34895833426546236}, {"source": 18, "target": 89, "weight": 5.3489582947467591}, {"source": 19, "target": 89, "weight": 16.295928004173255}, {"source": 0, "target": 90, "weight": 4.1247699683897467}, {"source": 1, "target": 90, "weight": 2.9734062768229181}, {"source": 2, "target": 90, "weight": 5.6757202655815382}, {"source": 3, "target": 90, "weight": 7.8585296253387797}, {"source": 4, "target": 90, "weight": 4.1459565732893759}, {"source": 5, "target": 90, "weight": 3.4124145067474685}, {"source": 6, "target": 90, "weight": 2.5715793299685648}, {"source": 7, "target": 90, "weight": 4.5153800465813507}, {"source": 8, "target": 90, "weight": 3.7980839752860223}, {"source": 9, "target": 90, "weight": 5.4893766986025536}, {"source": 10, "target": 90, "weight": 4.3046280572417119}, {"source": 11, "target": 90, "weight": 3.4880496018345868}, {"source": 12, "target": 90, "weight": 5.0287865352368923}, {"source": 13, "target": 90, "weight": 7.6292275765552544}, {"source": 14, "target": 90, "weight": 1.0519650087593617}, {"source": 15, "target": 90, "weight": 3.5507401882345366}, {"source": 16, "target": 90, "weight": 4.7229801878897435}, {"source": 17, "target": 90, "weight": 5.9370651817060649}, {"source": 18, "target": 90, "weight": 4.3389166509577368}, {"source": 19, "target": 90, "weight": 8.1499112083087351}, {"source": 4, "target": 91, "weight": 98.061224478034021}, {"source": 2, "target": 92, "weight": 42.083333276211313}, {"source": 10, "target": 92, "weight": 47.031249966980994}, {"source": 3, "target": 93, "weight": 84.166666556578164}, {"source": 7, "target": 94, "weight": 93.214285685742965}, {"source": 3, "target": 95, "weight": 88.12499988478335}, {"source": 9, "target": 96, "weight": 98.944444431108437}, {"source": 6, "target": 97, "weight": 94.722222193633542}, {"source": 0, "target": 98, "weight": 1.2141973147841116}, {"source": 3, "target": 98, "weight": 82.712326765515087}, {"source": 11, "target": 98, "weight": 10.358863717521521}, {"source": 13, "target": 98, "weight": 1.3053811410902096}, {"source": 16, "target": 98, "weight": 2.754621345869483}, {"source": 18, "target": 98, "weight": 1.3963071253704}, {"source": 15, "target": 99, "weight": 95.47619044958644}, {"source": 10, "target": 100, "weight": 94.411764655428527}, {"source": 10, "target": 101, "weight": 29.374999981282873}, {"source": 12, "target": 101, "weight": 30.1666666403476}, {"source": 19, "target": 101, "weight": 31.470588222236955}, {"source": 3, "target": 102, "weight": 89.444444362043711}, {"source": 3, "target": 103, "weight": 89.444444344336631}, {"source": 12, "target": 104, "weight": 92.083333281181851}, {"source": 12, "target": 105, "weight": 84.166666605066396}, {"source": 6, "target": 106, "weight": 95.249999949897088}, {"source": 0, "target": 107, "weight": 1.666666696263575}, {"source": 1, "target": 107, "weight": 1.666666666666667}, {"source": 2, "target": 107, "weight": 1.666666666666667}, {"source": 3, "target": 107, "weight": 1.666666666666667}, {"source": 4, "target": 107, "weight": 1.666666666666667}, {"source": 5, "target": 107, "weight": 1.666666688387936}, {"source": 6, "target": 107, "weight": 1.6666666869820306}, {"source": 7, "target": 107, "weight": 1.666666666666667}, {"source": 8, "target": 107, "weight": 1.666666666666667}, {"source": 9, "target": 107, "weight": 1.6666667161839228}, {"source": 10, "target": 107, "weight": 1.666666666666667}, {"source": 11, "target": 107, "weight": 1.6666666761204696}, {"source": 12, "target": 107, "weight": 1.666666666666667}, {"source": 13, "target": 107, "weight": 1.666666666666667}, {"source": 14, "target": 107, "weight": 1.666666709420388}, {"source": 15, "target": 107, "weight": 1.6666666715263057}, {"source": 16, "target": 107, "weight": 68.333333155115383}, {"source": 17, "target": 107, "weight": 1.666666666666667}, {"source": 18, "target": 107, "weight": 1.666666666666667}, {"source": 19, "target": 107, "weight": 1.666666666666667}, {"source": 0, "target": 108, "weight": 0.25000000243739673}, {"source": 1, "target": 108, "weight": 0.25000000000152717}, {"source": 2, "target": 108, "weight": 17.535714277775668}, {"source": 3, "target": 108, "weight": 9.8119193538315166}, {"source": 4, "target": 108, "weight": 0.25000000000000011}, {"source": 5, "target": 108, "weight": 0.25000000000263467}, {"source": 6, "target": 108, "weight": 0.25000000171070619}, {"source": 7, "target": 108, "weight": 18.138888863267589}, {"source": 8, "target": 108, "weight": 0.25000000223163804}, {"source": 9, "target": 108, "weight": 17.874999972048158}, {"source": 10, "target": 108, "weight": 0.25000000226529695}, {"source": 11, "target": 108, "weight": 0.25000000005097495}, {"source": 12, "target": 108, "weight": 0.25000000254352717}, {"source": 13, "target": 108, "weight": 0.25000000777799503}, {"source": 14, "target": 108, "weight": 0.25000000000000011}, {"source": 15, "target": 108, "weight": 0.25000000940727118}, {"source": 16, "target": 108, "weight": 5.6880806120576253}, {"source": 17, "target": 108, "weight": 17.874999978425841}, {"source": 18, "target": 108, "weight": 0.25000000329762473}, {"source": 19, "target": 108, "weight": 0.25000000098434272}, {"source": 18, "target": 109, "weight": 90.499999898570053}, {"source": 19, "target": 110, "weight": 95.249999963057633}, {"source": 3, "target": 111, "weight": 89.444444361707355}, {"source": 2, "target": 112, "weight": 42.083333265733735}, {"source": 5, "target": 112, "weight": 46.607142841504448}, {"source": 0, "target": 113, "weight": 1.0000000026648694}, {"source": 1, "target": 113, "weight": 1.0000000008303558}, {"source": 2, "target": 113, "weight": 1.000000000668086}, {"source": 3, "target": 113, "weight": 1.0000000000008731}, {"source": 4, "target": 113, "weight": 1.0000000006783916}, {"source": 5, "target": 113, "weight": 1.0000000006661465}, {"source": 6, "target": 113, "weight": 1.0000000006084047}, {"source": 7, "target": 113, "weight": 80.999999966352107}, {"source": 8, "target": 113, "weight": 1.0000000057991099}, {"source": 9, "target": 113, "weight": 1.0000000033325829}, {"source": 11, "target": 113, "weight": 1.0000000032553193}, {"source": 12, "target": 113, "weight": 1.0000000005830416}, {"source": 14, "target": 113, "weight": 1.0000000100792945}, {"source": 16, "target": 113, "weight": 1.0000000007910586}, {"source": 17, "target": 113, "weight": 1.0000000018719497}, {"source": 18, "target": 113, "weight": 1.0000000013071202}, {"source": 19, "target": 113, "weight": 1.0000000005112788}, {"source": 16, "target": 114, "weight": 92.083333259320142}, {"source": 11, "target": 115, "weight": 92.083333261131173}, {"source": 0, "target": 116, "weight": 3.8505070381371027}, {"source": 1, "target": 116, "weight": 6.3106456490273919}, {"source": 2, "target": 116, "weight": 3.3841980134088048}, {"source": 3, "target": 116, "weight": 5.7377260062624016}, {"source": 4, "target": 116, "weight": 4.9575133389579653}, {"source": 5, "target": 116, "weight": 6.6709607606263388}, {"source": 6, "target": 116, "weight": 4.3002979061809876}, {"source": 7, "target": 116, "weight": 4.0758781457634639}, {"source": 8, "target": 116, "weight": 4.0386269759181337}, {"source": 9, "target": 116, "weight": 7.4594906215036518}, {"source": 10, "target": 116, "weight": 5.902014689232316}, {"source": 11, "target": 116, "weight": 2.822154896613791}, {"source": 12, "target": 116, "weight": 3.8605018178234016}, {"source": 13, "target": 116, "weight": 4.8765396269206747}, {"source": 14, "target": 116, "weight": 3.2844285697568392}, {"source": 15, "target": 116, "weight": 3.0904752803094917}, {"source": 16, "target": 116, "weight": 3.2177091130482074}, {"source": 17, "target": 116, "weight": 6.1018232903244085}, {"source": 18, "target": 116, "weight": 4.1215257467517592}, {"source": 19, "target": 116, "weight": 4.7468482625390207}, {"source": 9, "target": 117, "weight": 92.083333236159916}, {"source": 10, "target": 118, "weight": 94.411764655103269}, {"source": 17, "target": 119, "weight": 89.444444326884252}, {"source": 0, "target": 120, "weight": 1.041666676137246}, {"source": 1, "target": 120, "weight": 1.0416666747560483}, {"source": 2, "target": 120, "weight": 1.0416666677435666}, {"source": 3, "target": 120, "weight": 1.0416666692822107}, {"source": 4, "target": 120, "weight": 1.0416666784195381}, {"source": 5, "target": 120, "weight": 1.0416666682692388}, {"source": 6, "target": 120, "weight": 1.0416666801194499}, {"source": 7, "target": 120, "weight": 1.0416666724625439}, {"source": 8, "target": 120, "weight": 1.0416666696866774}, {"source": 9, "target": 120, "weight": 1.0416666696828341}, {"source": 10, "target": 120, "weight": 23.666666659393709}, {"source": 11, "target": 120, "weight": 1.04166666666736}, {"source": 12, "target": 120, "weight": 1.0416666675794461}, {"source": 13, "target": 120, "weight": 1.0416666780421386}, {"source": 14, "target": 120, "weight": 1.0416666668225438}, {"source": 15, "target": 120, "weight": 1.0416666763078961}, {"source": 16, "target": 120, "weight": 38.001893827622979}, {"source": 17, "target": 120, "weight": 1.0416668319526767}, {"source": 18, "target": 120, "weight": 1.0416666666666714}, {"source": 19, "target": 120, "weight": 17.708333187060507}, {"source": 0, "target": 121, "weight": 2.5}, {"source": 1, "target": 121, "weight": 2.5000000000000004}, {"source": 2, "target": 121, "weight": 2.5000000000000004}, {"source": 3, "target": 121, "weight": 2.5000000000000004}, {"source": 4, "target": 121, "weight": 2.5000000000000004}, {"source": 5, "target": 121, "weight": 2.5000000000000004}, {"source": 6, "target": 121, "weight": 2.5}, {"source": 7, "target": 121, "weight": 2.5000000000000004}, {"source": 8, "target": 121, "weight": 2.5000000000000004}, {"source": 9, "target": 121, "weight": 2.5}, {"source": 10, "target": 121, "weight": 2.5}, {"source": 11, "target": 121, "weight": 2.5000000000000004}, {"source": 12, "target": 121, "weight": 2.5000000000000004}, {"source": 13, "target": 121, "weight": 2.5000000000000004}, {"source": 14, "target": 121, "weight": 2.5000000000000004}, {"source": 15, "target": 121, "weight": 2.5000000000000004}, {"source": 16, "target": 121, "weight": 52.499999999999993}, {"source": 17, "target": 121, "weight": 2.5000000000000004}, {"source": 18, "target": 121, "weight": 2.5}, {"source": 19, "target": 121, "weight": 2.5}, {"source": 4, "target": 122, "weight": 86.428571285028639}, {"source": 10, "target": 123, "weight": 86.428571326467591}, {"source": 0, "target": 124, "weight": 1.25}, {"source": 1, "target": 124, "weight": 1.25}, {"source": 2, "target": 124, "weight": 1.25}, {"source": 3, "target": 124, "weight": 1.2500000083063199}, {"source": 4, "target": 124, "weight": 1.25}, {"source": 5, "target": 124, "weight": 1.2500000073633555}, {"source": 6, "target": 124, "weight": 1.2500000005037697}, {"source": 7, "target": 124, "weight": 1.2500000113872765}, {"source": 8, "target": 124, "weight": 1.2500000000002935}, {"source": 9, "target": 124, "weight": 1.250000009246732}, {"source": 10, "target": 124, "weight": 1.2500000165711302}, {"source": 11, "target": 124, "weight": 76.249999880983921}, {"source": 12, "target": 124, "weight": 1.2500000215265463}, {"source": 13, "target": 124, "weight": 1.25}, {"source": 14, "target": 124, "weight": 1.25}, {"source": 15, "target": 124, "weight": 1.2500000209868496}, {"source": 16, "target": 124, "weight": 1.25}, {"source": 17, "target": 124, "weight": 1.2500000044436763}, {"source": 18, "target": 124, "weight": 1.25}, {"source": 19, "target": 124, "weight": 1.2500000186801368}, {"source": 8, "target": 125, "weight": 94.411764630047657}, {"source": 4, "target": 126, "weight": 97.564102554652848}, {"source": 6, "target": 127, "weight": 94.722222183208004}, {"source": 17, "target": 128, "weight": 90.499999977551425}, {"source": 17, "target": 129, "weight": 93.666666517993363}, {"source": 0, "target": 130, "weight": 1.2500000140961698}, {"source": 1, "target": 130, "weight": 1.2500000044559205}, {"source": 2, "target": 130, "weight": 41.894175170695767}, {"source": 3, "target": 130, "weight": 1.2500000000758511}, {"source": 4, "target": 130, "weight": 1.2500000036396404}, {"source": 5, "target": 130, "weight": 1.2500000286580089}, {"source": 6, "target": 130, "weight": 1.2500000032641865}, {"source": 7, "target": 130, "weight": 1.2500000393682671}, {"source": 8, "target": 130, "weight": 1.2500000271470526}, {"source": 9, "target": 130, "weight": 1.250000021470679}, {"source": 10, "target": 130, "weight": 1.2500000228116597}, {"source": 11, "target": 130, "weight": 1.2500000325080924}, {"source": 12, "target": 130, "weight": 1.2500000031378955}, {"source": 13, "target": 130, "weight": 1.2500000000000044}, {"source": 14, "target": 130, "weight": 35.605824579984812}, {"source": 15, "target": 130, "weight": 1.2500000000002924}, {"source": 16, "target": 130, "weight": 1.2500000042440915}, {"source": 17, "target": 130, "weight": 1.2500000100258617}, {"source": 18, "target": 130, "weight": 1.2500000119575281}, {"source": 19, "target": 130, "weight": 1.2500000224582171}, {"source": 0, "target": 131, "weight": 1.0000000047070927}, {"source": 1, "target": 131, "weight": 1.0000000052815892}, {"source": 2, "target": 131, "weight": 1.0000000019822395}, {"source": 3, "target": 131, "weight": 1.0000000019311464}, {"source": 4, "target": 131, "weight": 1.0000000085907603}, {"source": 5, "target": 131, "weight": 1.0000000066572075}, {"source": 6, "target": 131, "weight": 1.0000000000000002}, {"source": 7, "target": 131, "weight": 1.0000000017080823}, {"source": 8, "target": 131, "weight": 80.999999936892905}, {"source": 9, "target": 131, "weight": 1.0000000063645305}, {"source": 10, "target": 131, "weight": 1.0000000000000002}, {"source": 11, "target": 131, "weight": 1.000000012542581}, {"source": 12, "target": 131, "weight": 1.0000000000000002}, {"source": 13, "target": 131, "weight": 1.0000000066550834}, {"source": 14, "target": 131, "weight": 1.0000000000000002}, {"source": 15, "target": 131, "weight": 1.0000000016679109}, {"source": 16, "target": 131, "weight": 1.0000000019176607}, {"source": 17, "target": 131, "weight": 1.0000000017276081}, {"source": 18, "target": 131, "weight": 1.0000000000000002}, {"source": 19, "target": 131, "weight": 1.0000000013736092}, {"source": 5, "target": 132, "weight": 31.146825373928195}, {"source": 7, "target": 132, "weight": 16.10119047252396}, {"source": 8, "target": 132, "weight": 19.288564162772552}, {"source": 13, "target": 132, "weight": 12.718659759584005}, {"source": 14, "target": 132, "weight": 16.155913973658308}, {"source": 3, "target": 133, "weight": 16.833333292005985}, {"source": 10, "target": 133, "weight": 55.185227229168127}, {"source": 19, "target": 133, "weight": 18.882352933899138}, {"source": 10, "target": 134, "weight": 95.681818156645065}, {"source": 11, "target": 135, "weight": 88.124999897765008}, {"source": 9, "target": 136, "weight": 95.476190446585818}, {"source": 10, "target": 137, "weight": 18.812499988844504}, {"source": 15, "target": 137, "weight": 19.366666663844274}, {"source": 16, "target": 137, "weight": 2.9739237799831084}, {"source": 17, "target": 137, "weight": 49.709409503308883}, {"source": 0, "target": 138, "weight": 7.237777771589621}, {"source": 1, "target": 138, "weight": 14.585280049621185}, {"source": 2, "target": 138, "weight": 0.46000000208505532}, {"source": 3, "target": 138, "weight": 3.4599999935846286}, {"source": 4, "target": 138, "weight": 0.46000000660737034}, {"source": 5, "target": 138, "weight": 3.6600000042566982}, {"source": 6, "target": 138, "weight": 7.5371428493568251}, {"source": 7, "target": 138, "weight": 6.5838095169467872}, {"source": 8, "target": 138, "weight": 3.8266666630461517}, {"source": 9, "target": 138, "weight": 7.283809522276294}, {"source": 10, "target": 138, "weight": 0.46000000402667746}, {"source": 11, "target": 138, "weight": 0.42000000164587287}, {"source": 12, "target": 138, "weight": 7.4066666774884187}, {"source": 13, "target": 138, "weight": 7.2838095173224016}, {"source": 14, "target": 138, "weight": 6.6599999800871448}, {"source": 15, "target": 138, "weight": 0.46000000707721933}, {"source": 16, "target": 138, "weight": 10.22944440662549}, {"source": 17, "target": 138, "weight": 3.126666658347057}, {"source": 18, "target": 138, "weight": 0.46000000375112748}, {"source": 19, "target": 138, "weight": 0.46000000195532953}, {"source": 0, "target": 139, "weight": 0.35714285714285715}, {"source": 1, "target": 139, "weight": 0.35714285714285715}, {"source": 2, "target": 139, "weight": 13.409090901004554}, {"source": 3, "target": 139, "weight": 0.35714287334908457}, {"source": 4, "target": 139, "weight": 0.35714285714285715}, {"source": 5, "target": 139, "weight": 0.35714285714285715}, {"source": 6, "target": 139, "weight": 0.35714286054455613}, {"source": 7, "target": 139, "weight": 0.35714285714285715}, {"source": 8, "target": 139, "weight": 25.912698396491493}, {"source": 9, "target": 139, "weight": 26.666666647951224}, {"source": 10, "target": 139, "weight": 0.3571428604048893}, {"source": 11, "target": 139, "weight": 0.35714285714285715}, {"source": 12, "target": 139, "weight": 0.35714286215926361}, {"source": 13, "target": 139, "weight": 7.4999999577298571}, {"source": 14, "target": 139, "weight": 0.35714285714285715}, {"source": 15, "target": 139, "weight": 0.35714285851834754}, {"source": 16, "target": 139, "weight": 0.35714285872431073}, {"source": 17, "target": 139, "weight": 0.35714285856757838}, {"source": 18, "target": 139, "weight": 13.673469384600647}, {"source": 19, "target": 139, "weight": 0.35714285910021054}, {"source": 0, "target": 140, "weight": 3.3333333303138808}, {"source": 1, "target": 140, "weight": 4.5430107470147201}, {"source": 2, "target": 140, "weight": 4.4991446696328223}, {"source": 3, "target": 140, "weight": 6.5646823549334083}, {"source": 4, "target": 140, "weight": 4.7699052712349248}, {"source": 5, "target": 140, "weight": 1.8846006159975004}, {"source": 6, "target": 140, "weight": 7.3490412423993794}, {"source": 7, "target": 140, "weight": 3.4919762135551173}, {"source": 8, "target": 140, "weight": 4.4184243163895376}, {"source": 9, "target": 140, "weight": 0.49059140091526771}, {"source": 10, "target": 140, "weight": 4.2352150440435619}, {"source": 11, "target": 140, "weight": 0.49059140010474428}, {"source": 12, "target": 140, "weight": 3.3442780351120791}, {"source": 13, "target": 140, "weight": 5.5676141125994043}, {"source": 14, "target": 140, "weight": 3.4011516055440185}, {"source": 15, "target": 140, "weight": 4.801008799857053}, {"source": 16, "target": 140, "weight": 5.6559139732916845}, {"source": 17, "target": 140, "weight": 5.7459677406650567}, {"source": 18, "target": 140, "weight": 8.0961525089458846}, {"source": 19, "target": 140, "weight": 10.880583078630833}, {"source": 0, "target": 141, "weight": 1.6666666735970872}, {"source": 1, "target": 141, "weight": 1.6666666666783323}, {"source": 2, "target": 141, "weight": 1.6666666783687605}, {"source": 3, "target": 141, "weight": 1.6666667286460985}, {"source": 4, "target": 141, "weight": 1.6666666707222104}, {"source": 5, "target": 141, "weight": 1.666666671324023}, {"source": 6, "target": 141, "weight": 1.666666710818578}, {"source": 7, "target": 141, "weight": 1.6666666843354594}, {"source": 8, "target": 141, "weight": 1.6666666985512102}, {"source": 9, "target": 141, "weight": 1.6666666712079912}, {"source": 10, "target": 141, "weight": 68.333332847003845}, {"source": 11, "target": 141, "weight": 1.6666666666669721}, {"source": 12, "target": 141, "weight": 1.6666667074457513}, {"source": 13, "target": 141, "weight": 1.6666668189130258}, {"source": 14, "target": 141, "weight": 1.6666666666678671}, {"source": 15, "target": 141, "weight": 1.6666666778498256}, {"source": 16, "target": 141, "weight": 1.6666666795226868}, {"source": 17, "target": 141, "weight": 1.6666666782485695}, {"source": 18, "target": 141, "weight": 1.6666667052284569}, {"source": 19, "target": 141, "weight": 1.6666666982032836}, {"source": 0, "target": 142, "weight": 80.999999999636401}, {"source": 1, "target": 142, "weight": 1.0000000000000007}, {"source": 2, "target": 142, "weight": 1.0000000003636533}, {"source": 3, "target": 142, "weight": 1.0000000000000007}, {"source": 4, "target": 142, "weight": 1.0000000000000007}, {"source": 5, "target": 142, "weight": 1.0000000000000007}, {"source": 6, "target": 142, "weight": 1.0000000000000007}, {"source": 7, "target": 142, "weight": 1.0000000000000007}, {"source": 8, "target": 142, "weight": 1.0000000000000007}, {"source": 9, "target": 142, "weight": 1.0000000000000007}, {"source": 10, "target": 142, "weight": 1.0000000000000007}, {"source": 11, "target": 142, "weight": 1.0000000000000007}, {"source": 12, "target": 142, "weight": 1.0000000000000007}, {"source": 13, "target": 142, "weight": 1.0000000000000007}, {"source": 14, "target": 142, "weight": 1.0000000000000007}, {"source": 15, "target": 142, "weight": 1.0000000000000007}, {"source": 16, "target": 142, "weight": 1.0000000000000007}, {"source": 17, "target": 142, "weight": 1.0000000000000007}, {"source": 18, "target": 142, "weight": 1.0000000000000007}, {"source": 19, "target": 142, "weight": 1.0000000000000007}, {"source": 0, "target": 143, "weight": 1.2500000000000007}, {"source": 1, "target": 143, "weight": 1.2500000000000007}, {"source": 2, "target": 143, "weight": 1.2500000000000007}, {"source": 3, "target": 143, "weight": 1.2500000000000007}, {"source": 4, "target": 143, "weight": 1.2500000000000007}, {"source": 5, "target": 143, "weight": 1.25000001261293}, {"source": 6, "target": 143, "weight": 1.2500000000000007}, {"source": 7, "target": 143, "weight": 1.2500000354114926}, {"source": 8, "target": 143, "weight": 1.2500000000000007}, {"source": 9, "target": 143, "weight": 1.2500000000000007}, {"source": 10, "target": 143, "weight": 76.249999926382813}, {"source": 11, "target": 143, "weight": 1.2500000000000007}, {"source": 12, "target": 143, "weight": 1.2500000000000007}, {"source": 13, "target": 143, "weight": 1.2500000000000007}, {"source": 14, "target": 143, "weight": 1.2500000000000007}, {"source": 15, "target": 143, "weight": 1.2500000000000007}, {"source": 16, "target": 143, "weight": 1.2500000000000007}, {"source": 17, "target": 143, "weight": 1.2500000138178788}, {"source": 18, "target": 143, "weight": 1.250000011774911}, {"source": 19, "target": 143, "weight": 1.2500000000000007}, {"source": 0, "target": 144, "weight": 0.62345679184537783}, {"source": 1, "target": 144, "weight": 0.62345679368611895}, {"source": 2, "target": 144, "weight": 15.602824332927431}, {"source": 3, "target": 144, "weight": 5.3443540884578891}, {"source": 4, "target": 144, "weight": 3.4012345629168936}, {"source": 5, "target": 144, "weight": 0.62345679446826907}, {"source": 6, "target": 144, "weight": 1.9448934419148387}, {"source": 7, "target": 144, "weight": 6.5030864190625515}, {"source": 8, "target": 144, "weight": 4.0339506197347852}, {"source": 9, "target": 144, "weight": 4.0339505973524901}, {"source": 10, "target": 144, "weight": 3.8245149902142965}, {"source": 11, "target": 144, "weight": 8.3760941989150375}, {"source": 12, "target": 144, "weight": 6.7850729542897854}, {"source": 13, "target": 144, "weight": 0.62345679096001283}, {"source": 14, "target": 144, "weight": 3.9753086406473197}, {"source": 15, "target": 144, "weight": 7.1687952215655537}, {"source": 16, "target": 144, "weight": 3.8876981044859775}, {"source": 17, "target": 144, "weight": 7.2768959407075773}, {"source": 18, "target": 144, "weight": 3.5864197473154951}, {"source": 19, "target": 144, "weight": 7.5092233659898957}, {"source": 14, "target": 145, "weight": 94.062499895820778}, {"source": 1, "target": 146, "weight": 84.166666585781201}, {"source": 0, "target": 147, "weight": 1.3888888888888891}, {"source": 1, "target": 147, "weight": 1.3888888888888893}, {"source": 2, "target": 147, "weight": 1.3888888888888891}, {"source": 3, "target": 147, "weight": 1.3888888888888891}, {"source": 4, "target": 147, "weight": 1.3888888888888891}, {"source": 5, "target": 147, "weight": 1.3888888888888891}, {"source": 6, "target": 147, "weight": 1.3888888888888891}, {"source": 7, "target": 147, "weight": 1.3888888888888891}, {"source": 8, "target": 147, "weight": 1.3888888977325309}, {"source": 9, "target": 147, "weight": 18.055555555555554}, {"source": 10, "target": 147, "weight": 1.3888888969868369}, {"source": 11, "target": 147, "weight": 1.3888888986042756}, {"source": 12, "target": 147, "weight": 1.3888888888888893}, {"source": 13, "target": 147, "weight": 1.3888888888888893}, {"source": 14, "target": 147, "weight": 1.3888889199094461}, {"source": 15, "target": 147, "weight": 23.611111045621858}, {"source": 16, "target": 147, "weight": 1.3888888888888893}, {"source": 17, "target": 147, "weight": 1.3888888888888891}, {"source": 18, "target": 147, "weight": 1.3888888967006123}, {"source": 19, "target": 147, "weight": 31.203703564075663}, {"source": 6, "target": 148, "weight": 97.934782599302068}, {"source": 0, "target": 149, "weight": 12.002645499169187}, {"source": 1, "target": 149, "weight": 0.27777778132251629}, {"source": 2, "target": 149, "weight": 0.27777777808397336}, {"source": 3, "target": 149, "weight": 0.27777778224715122}, {"source": 4, "target": 149, "weight": 4.3349210981470154}, {"source": 5, "target": 149, "weight": 12.736507933281901}, {"source": 6, "target": 149, "weight": 0.27777778952913285}, {"source": 7, "target": 149, "weight": 23.616702721777443}, {"source": 8, "target": 149, "weight": 15.993055519195298}, {"source": 9, "target": 149, "weight": 0.27777778194107439}, {"source": 10, "target": 149, "weight": 0.27777777871476728}, {"source": 11, "target": 149, "weight": 8.1210673626074037}, {"source": 12, "target": 149, "weight": 0.27777777899155143}, {"source": 13, "target": 149, "weight": 0.2777777787340025}, {"source": 14, "target": 149, "weight": 6.1527777753954709}, {"source": 15, "target": 149, "weight": 0.2777777780902248}, {"source": 16, "target": 149, "weight": 0.27777778274625153}, {"source": 17, "target": 149, "weight": 0.27777777865160563}, {"source": 18, "target": 149, "weight": 5.2777777336980556}, {"source": 19, "target": 149, "weight": 0.27777778024938338}, {"source": 12, "target": 150, "weight": 93.214285687720604}, {"source": 0, "target": 151, "weight": 0.050000000525349933}, {"source": 1, "target": 151, "weight": 0.050000000000003028}, {"source": 2, "target": 151, "weight": 11.215490190885117}, {"source": 3, "target": 151, "weight": 16.526431529585089}, {"source": 4, "target": 151, "weight": 0.050000000344975322}, {"source": 5, "target": 151, "weight": 3.9636363624650124}, {"source": 6, "target": 151, "weight": 0.050000000123450371}, {"source": 7, "target": 151, "weight": 0.050000000358303667}, {"source": 8, "target": 151, "weight": 11.076591144458835}, {"source": 9, "target": 151, "weight": 0.050000000564164572}, {"source": 10, "target": 151, "weight": 3.6699999980883793}, {"source": 11, "target": 151, "weight": 3.927419355152256}, {"source": 12, "target": 151, "weight": 3.7966666553736914}, {"source": 13, "target": 151, "weight": 0.050000001099561819}, {"source": 14, "target": 151, "weight": 4.8915286886037466}, {"source": 15, "target": 151, "weight": 0.050000000583203606}, {"source": 16, "target": 151, "weight": 7.1527777717316399}, {"source": 17, "target": 151, "weight": 3.6699999981997697}, {"source": 18, "target": 151, "weight": 7.8804901956488429}, {"source": 19, "target": 151, "weight": 14.533838370819915}, {"source": 7, "target": 152, "weight": 94.722222183310635}, {"source": 0, "target": 153, "weight": 1.2500000000000004}, {"source": 1, "target": 153, "weight": 1.2500000000000004}, {"source": 2, "target": 153, "weight": 1.2500000000000004}, {"source": 3, "target": 153, "weight": 1.2500000000000004}, {"source": 4, "target": 153, "weight": 1.2500000000000004}, {"source": 5, "target": 153, "weight": 1.2500000194636061}, {"source": 6, "target": 153, "weight": 1.2500000000000004}, {"source": 7, "target": 153, "weight": 1.2500001676632053}, {"source": 8, "target": 153, "weight": 1.2500000000000004}, {"source": 9, "target": 153, "weight": 1.2500000048916426}, {"source": 10, "target": 153, "weight": 1.2500000000000004}, {"source": 11, "target": 153, "weight": 1.2500000000000004}, {"source": 12, "target": 153, "weight": 76.249999796741889}, {"source": 13, "target": 153, "weight": 1.2500000000000004}, {"source": 14, "target": 153, "weight": 1.2500000000000004}, {"source": 15, "target": 153, "weight": 1.2500000000000004}, {"source": 16, "target": 153, "weight": 1.2500000000000004}, {"source": 17, "target": 153, "weight": 1.250000010660941}, {"source": 18, "target": 153, "weight": 1.2500000000000004}, {"source": 19, "target": 153, "weight": 1.2500000005787255}, {"source": 0, "target": 154, "weight": 1.2500000100584356}, {"source": 1, "target": 154, "weight": 1.2500000427738454}, {"source": 2, "target": 154, "weight": 1.2500000000000002}, {"source": 3, "target": 154, "weight": 1.2500000278324603}, {"source": 4, "target": 154, "weight": 1.2500000284171637}, {"source": 5, "target": 154, "weight": 1.2500000307264736}, {"source": 6, "target": 154, "weight": 1.2500000352161247}, {"source": 7, "target": 154, "weight": 1.2500000502882536}, {"source": 8, "target": 154, "weight": 1.2500000469072263}, {"source": 9, "target": 154, "weight": 1.2500000482910123}, {"source": 10, "target": 154, "weight": 1.2500000267464384}, {"source": 11, "target": 154, "weight": 76.249999358827949}, {"source": 12, "target": 154, "weight": 1.2500000215272025}, {"source": 13, "target": 154, "weight": 1.2500000130566145}, {"source": 14, "target": 154, "weight": 1.2500000144951295}, {"source": 15, "target": 154, "weight": 1.250000020989835}, {"source": 16, "target": 154, "weight": 1.2500000331365269}, {"source": 17, "target": 154, "weight": 1.2500000908950122}, {"source": 18, "target": 154, "weight": 1.2500000460150393}, {"source": 19, "target": 154, "weight": 1.2500000537992662}, {"source": 0, "target": 155, "weight": 1.6666666842248883}, {"source": 1, "target": 155, "weight": 1.6666666752553838}, {"source": 2, "target": 155, "weight": 1.666666678455712}, {"source": 3, "target": 155, "weight": 1.6666666666677135}, {"source": 4, "target": 155, "weight": 1.6666666801841761}, {"source": 5, "target": 155, "weight": 1.6666666741494893}, {"source": 6, "target": 155, "weight": 68.33333308633938}, {"source": 7, "target": 155, "weight": 1.6666667017127348}, {"source": 8, "target": 155, "weight": 1.6666666784616213}, {"source": 9, "target": 155, "weight": 1.6666666770079357}, {"source": 10, "target": 155, "weight": 1.6666667092856784}, {"source": 11, "target": 155, "weight": 1.6666666868712849}, {"source": 12, "target": 155, "weight": 1.6666666666674255}, {"source": 13, "target": 155, "weight": 1.6666666666666732}, {"source": 14, "target": 155, "weight": 1.666666666668595}, {"source": 15, "target": 155, "weight": 1.6666666666690211}, {"source": 16, "target": 155, "weight": 1.6666666666666698}, {"source": 17, "target": 155, "weight": 1.6666666666666667}, {"source": 18, "target": 155, "weight": 1.6666667043315166}, {"source": 19, "target": 155, "weight": 1.6666666970474371}, {"source": 19, "target": 156, "weight": 89.444444349394658}, {"source": 0, "target": 157, "weight": 1.0000000000005342}, {"source": 1, "target": 157, "weight": 1.0000000000000002}, {"source": 2, "target": 157, "weight": 1.0}, {"source": 3, "target": 157, "weight": 1.0}, {"source": 4, "target": 157, "weight": 1.0}, {"source": 5, "target": 157, "weight": 1.0}, {"source": 6, "target": 157, "weight": 1.0000000182688584}, {"source": 7, "target": 157, "weight": 1.0000000081629494}, {"source": 8, "target": 157, "weight": 1.0000000301292344}, {"source": 9, "target": 157, "weight": 1.0}, {"source": 10, "target": 157, "weight": 1.0}, {"source": 11, "target": 157, "weight": 1.0000000087500991}, {"source": 12, "target": 157, "weight": 1.0000000237230533}, {"source": 13, "target": 157, "weight": 1.0000000000000002}, {"source": 14, "target": 157, "weight": 1.0000000000000002}, {"source": 15, "target": 157, "weight": 1.0}, {"source": 16, "target": 157, "weight": 1.0000000000000002}, {"source": 17, "target": 157, "weight": 1.0}, {"source": 18, "target": 157, "weight": 80.99999990504196}, {"source": 19, "target": 157, "weight": 1.0000000059233087}, {"source": 2, "target": 158, "weight": 18.272727257480987}, {"source": 4, "target": 158, "weight": 17.888888878414548}, {"source": 12, "target": 158, "weight": 18.099999990410037}, {"source": 14, "target": 158, "weight": 19.568181817008174}, {"source": 19, "target": 158, "weight": 17.624999980400418}, {"source": 9, "target": 159, "weight": 92.083333295775915}, {"source": 15, "target": 160, "weight": 86.428571166317653}, {"source": 0, "target": 161, "weight": 1.6666666666666674}, {"source": 1, "target": 161, "weight": 1.6666666666666674}, {"source": 2, "target": 161, "weight": 1.6666667105115396}, {"source": 3, "target": 161, "weight": 1.6666666666666674}, {"source": 4, "target": 161, "weight": 1.6666666666666674}, {"source": 5, "target": 161, "weight": 1.6666666666666674}, {"source": 6, "target": 161, "weight": 1.6666666666666674}, {"source": 7, "target": 161, "weight": 1.6666666666666674}, {"source": 8, "target": 161, "weight": 1.6666666666666674}, {"source": 9, "target": 161, "weight": 1.6666666666666674}, {"source": 10, "target": 161, "weight": 1.6666666666666674}, {"source": 11, "target": 161, "weight": 1.6666666666666674}, {"source": 12, "target": 161, "weight": 1.6666666666666674}, {"source": 13, "target": 161, "weight": 68.333333289488479}, {"source": 14, "target": 161, "weight": 1.6666666666666676}, {"source": 15, "target": 161, "weight": 1.6666666666666674}, {"source": 16, "target": 161, "weight": 1.6666666666666674}, {"source": 17, "target": 161, "weight": 1.6666666666666674}, {"source": 18, "target": 161, "weight": 1.6666666666666674}, {"source": 19, "target": 161, "weight": 1.6666666666666674}, {"source": 15, "target": 162, "weight": 91.363636271841003}, {"source": 2, "target": 163, "weight": 21.607142822492115}, {"source": 3, "target": 163, "weight": 21.041666643563364}, {"source": 4, "target": 163, "weight": 22.031249975480033}, {"source": 13, "target": 163, "weight": 24.151785704818355}, {"source": 3, "target": 164, "weight": 91.363636280917348}, {"source": 15, "target": 165, "weight": 95.476190415336504}, {"source": 0, "target": 166, "weight": 46.041666603085133}, {"source": 19, "target": 166, "weight": 42.083333277067794}, {"source": 3, "target": 167, "weight": 16.833333260108546}, {"source": 7, "target": 167, "weight": 34.722222200109627}, {"source": 12, "target": 167, "weight": 18.416666656361908}, {"source": 14, "target": 167, "weight": 17.285714269758419}, {"source": 12, "target": 168, "weight": 96.607142824098062}, {"source": 6, "target": 169, "weight": 94.722222196373593}, {"source": 0, "target": 170, "weight": 8.1844635822157414}, {"source": 1, "target": 170, "weight": 4.1337560374961573}, {"source": 2, "target": 170, "weight": 8.1463940610645214}, {"source": 3, "target": 170, "weight": 5.4267127687509742}, {"source": 4, "target": 170, "weight": 5.2735507220876912}, {"source": 5, "target": 170, "weight": 4.2719979299628665}, {"source": 6, "target": 170, "weight": 2.3576717100142743}, {"source": 7, "target": 170, "weight": 4.1337560346893403}, {"source": 8, "target": 170, "weight": 2.3387681161041596}, {"source": 9, "target": 170, "weight": 6.0295429187369356}, {"source": 10, "target": 170, "weight": 2.2999482429223708}, {"source": 11, "target": 170, "weight": 6.1806418190681773}, {"source": 12, "target": 170, "weight": 4.1183110345376388}, {"source": 13, "target": 170, "weight": 5.4583333201321489}, {"source": 14, "target": 170, "weight": 1.7228260852419914}, {"source": 15, "target": 170, "weight": 5.4880930130256882}, {"source": 16, "target": 170, "weight": 2.1032608653066234}, {"source": 17, "target": 170, "weight": 6.0564613453223268}, {"source": 18, "target": 170, "weight": 6.8800017486639451}, {"source": 19, "target": 170, "weight": 2.2409420282273511}, {"source": 13, "target": 171, "weight": 98.0612244746941}, {"source": 19, "target": 172, "weight": 89.444444365000521}, {"source": 0, "target": 173, "weight": 3.1250000030512117}, {"source": 1, "target": 173, "weight": 3.1250000009643313}, {"source": 2, "target": 173, "weight": 3.1250000007758736}, {"source": 3, "target": 173, "weight": 3.1250000000010134}, {"source": 4, "target": 173, "weight": 3.1250000007878502}, {"source": 5, "target": 173, "weight": 3.1250000007736349}, {"source": 6, "target": 173, "weight": 3.1250000007065735}, {"source": 7, "target": 173, "weight": 3.1250000081770564}, {"source": 8, "target": 173, "weight": 3.1250000046784345}, {"source": 9, "target": 173, "weight": 3.1250000036912002}, {"source": 10, "target": 173, "weight": 3.1249999999999996}, {"source": 11, "target": 173, "weight": 3.1250000037028647}, {"source": 12, "target": 173, "weight": 3.1250000006771153}, {"source": 13, "target": 173, "weight": 3.1249999999999996}, {"source": 14, "target": 173, "weight": 40.624999966813682}, {"source": 15, "target": 173, "weight": 3.1249999999999996}, {"source": 16, "target": 173, "weight": 3.1250000009186918}, {"source": 17, "target": 173, "weight": 3.1250000021691338}, {"source": 18, "target": 173, "weight": 3.1250000015175496}, {"source": 19, "target": 173, "weight": 3.1250000005937784}, {"source": 0, "target": 174, "weight": 5.3021541976172557}, {"source": 1, "target": 174, "weight": 1.1865079392087925}, {"source": 2, "target": 174, "weight": 5.3021541932702521}, {"source": 3, "target": 174, "weight": 1.1865079385788861}, {"source": 4, "target": 174, "weight": 3.2898971881647627}, {"source": 5, "target": 174, "weight": 14.572751303736386}, {"source": 6, "target": 174, "weight": 5.5371572957601938}, {"source": 7, "target": 174, "weight": 7.3769841232140365}, {"source": 8, "target": 174, "weight": 1.1865079422209845}, {"source": 9, "target": 174, "weight": 5.7329932071040313}, {"source": 10, "target": 174, "weight": 1.1865079383138815}, {"source": 11, "target": 174, "weight": 7.0268416314467919}, {"source": 12, "target": 174, "weight": 7.9325396680382578}, {"source": 13, "target": 174, "weight": 1.1865079413082036}, {"source": 14, "target": 174, "weight": 1.1865079583219686}, {"source": 15, "target": 174, "weight": 8.0466269550625658}, {"source": 16, "target": 174, "weight": 11.345238062626496}, {"source": 17, "target": 174, "weight": 1.1865079387306412}, {"source": 18, "target": 174, "weight": 5.1944444382328729}, {"source": 19, "target": 174, "weight": 1.1865079427824272}, {"source": 0, "target": 175, "weight": 6.3613215926064903}, {"source": 1, "target": 175, "weight": 0.78333333333811195}, {"source": 2, "target": 175, "weight": 0.78333333427828167}, {"source": 3, "target": 175, "weight": 0.78333333805017002}, {"source": 4, "target": 175, "weight": 0.78333334787561848}, {"source": 5, "target": 175, "weight": 7.4499999754541193}, {"source": 6, "target": 175, "weight": 0.783333344847298}, {"source": 7, "target": 175, "weight": 0.78333333536640393}, {"source": 8, "target": 175, "weight": 0.78333334224155005}, {"source": 9, "target": 175, "weight": 16.586363589565511}, {"source": 10, "target": 175, "weight": 0.78333333748975054}, {"source": 11, "target": 175, "weight": 0.78333334315027181}, {"source": 12, "target": 175, "weight": 0.78333334667709376}, {"source": 13, "target": 175, "weight": 0.78333333412997641}, {"source": 14, "target": 175, "weight": 0.78333333395719928}, {"source": 15, "target": 175, "weight": 0.78333334280208}, {"source": 16, "target": 175, "weight": 0.78333333782063241}, {"source": 17, "target": 175, "weight": 24.630759804747409}, {"source": 18, "target": 175, "weight": 18.865064091841468}, {"source": 19, "target": 175, "weight": 11.20534503639913}, {"source": 0, "target": 176, "weight": 1.2500000281002277}, {"source": 1, "target": 176, "weight": 1.2500000246553378}, {"source": 2, "target": 176, "weight": 1.2500000030464828}, {"source": 3, "target": 176, "weight": 1.2500000262572202}, {"source": 4, "target": 176, "weight": 1.2500000127358337}, {"source": 5, "target": 176, "weight": 76.249999761529139}, {"source": 6, "target": 176, "weight": 1.2500000088138155}, {"source": 7, "target": 176, "weight": 1.2500000000000004}, {"source": 8, "target": 176, "weight": 1.2500000202650159}, {"source": 9, "target": 176, "weight": 1.2500000000000004}, {"source": 10, "target": 176, "weight": 1.2500000045599231}, {"source": 11, "target": 176, "weight": 1.2500000027822489}, {"source": 12, "target": 176, "weight": 1.2500000000000004}, {"source": 13, "target": 176, "weight": 1.2500000000000004}, {"source": 14, "target": 176, "weight": 1.2500000021916722}, {"source": 15, "target": 176, "weight": 1.2500000247204368}, {"source": 16, "target": 176, "weight": 1.250000014851161}, {"source": 17, "target": 176, "weight": 1.2500000051619422}, {"source": 18, "target": 176, "weight": 1.2500000185700759}, {"source": 19, "target": 176, "weight": 1.2500000417594801}, {"source": 13, "target": 177, "weight": 86.428571395272826}, {"source": 0, "target": 178, "weight": 1.6666666666666683}, {"source": 1, "target": 178, "weight": 1.6666666666666683}, {"source": 2, "target": 178, "weight": 1.6666666666666683}, {"source": 3, "target": 178, "weight": 1.6666666666666683}, {"source": 4, "target": 178, "weight": 1.6666666666666683}, {"source": 5, "target": 178, "weight": 1.6666666666666683}, {"source": 6, "target": 178, "weight": 68.333333333333385}, {"source": 7, "target": 178, "weight": 1.6666666666666683}, {"source": 8, "target": 178, "weight": 1.6666666666666683}, {"source": 9, "target": 178, "weight": 1.6666666666666683}, {"source": 10, "target": 178, "weight": 1.6666666666666683}, {"source": 11, "target": 178, "weight": 1.6666666666666683}, {"source": 12, "target": 178, "weight": 1.6666666666666683}, {"source": 13, "target": 178, "weight": 1.6666666666666683}, {"source": 14, "target": 178, "weight": 1.6666666666666683}, {"source": 15, "target": 178, "weight": 1.6666666666666683}, {"source": 16, "target": 178, "weight": 1.6666666666666683}, {"source": 17, "target": 178, "weight": 1.6666666666666683}, {"source": 18, "target": 178, "weight": 1.6666666666666683}, {"source": 19, "target": 178, "weight": 1.6666666666666683}, {"source": 0, "target": 179, "weight": 1.6666666666666683}, {"source": 1, "target": 179, "weight": 1.6666666666666683}, {"source": 2, "target": 179, "weight": 1.6666666666666683}, {"source": 3, "target": 179, "weight": 1.6666666666666683}, {"source": 4, "target": 179, "weight": 1.6666666666666683}, {"source": 5, "target": 179, "weight": 1.6666666666666683}, {"source": 6, "target": 179, "weight": 68.333333333333385}, {"source": 7, "target": 179, "weight": 1.6666666666666683}, {"source": 8, "target": 179, "weight": 1.6666666666666683}, {"source": 9, "target": 179, "weight": 1.6666666666666683}, {"source": 10, "target": 179, "weight": 1.6666666666666683}, {"source": 11, "target": 179, "weight": 1.6666666666666683}, {"source": 12, "target": 179, "weight": 1.6666666666666683}, {"source": 13, "target": 179, "weight": 1.6666666666666683}, {"source": 14, "target": 179, "weight": 1.6666666666666683}, {"source": 15, "target": 179, "weight": 1.6666666666666683}, {"source": 16, "target": 179, "weight": 1.6666666666666683}, {"source": 17, "target": 179, "weight": 1.6666666666666683}, {"source": 18, "target": 179, "weight": 1.6666666666666683}, {"source": 19, "target": 179, "weight": 1.6666666666666683}, {"source": 0, "target": 180, "weight": 18.416666636195362}, {"source": 4, "target": 180, "weight": 17.285714238865658}, {"source": 8, "target": 180, "weight": 19.208333325547162}, {"source": 16, "target": 180, "weight": 17.888888865983198}, {"source": 19, "target": 180, "weight": 16.833333310826916}, {"source": 10, "target": 181, "weight": 62.251602528112926}, {"source": 18, "target": 181, "weight": 31.825396815872196}, {"source": 4, "target": 182, "weight": 4.9080612220128632}, {"source": 5, "target": 182, "weight": 27.101012902633833}, {"source": 8, "target": 182, "weight": 4.3331046547607963}, {"source": 11, "target": 182, "weight": 5.2939589692806637}, {"source": 16, "target": 182, "weight": 10.871212120409513}, {"source": 17, "target": 182, "weight": 12.757215254262714}, {"source": 18, "target": 182, "weight": 16.040458540493461}, {"source": 19, "target": 182, "weight": 10.583333328650861}, {"source": 0, "target": 183, "weight": 3.0311177170022683}, {"source": 1, "target": 183, "weight": 0.83333334916346224}, {"source": 2, "target": 183, "weight": 0.83333333869844151}, {"source": 3, "target": 183, "weight": 0.83333335497396821}, {"source": 4, "target": 183, "weight": 0.83333335866003644}, {"source": 5, "target": 183, "weight": 0.83333334092522704}, {"source": 6, "target": 183, "weight": 42.899999749214786}, {"source": 7, "target": 183, "weight": 0.83333334108014512}, {"source": 8, "target": 183, "weight": 0.83333334291394012}, {"source": 9, "target": 183, "weight": 0.83333334392653957}, {"source": 10, "target": 183, "weight": 0.83333333333333481}, {"source": 11, "target": 183, "weight": 0.83333337604504831}, {"source": 12, "target": 183, "weight": 0.83333333347421168}, {"source": 13, "target": 183, "weight": 0.83333333696498513}, {"source": 14, "target": 183, "weight": 0.83333333747327765}, {"source": 15, "target": 183, "weight": 18.395548966183725}, {"source": 16, "target": 183, "weight": 18.722222219955167}, {"source": 17, "target": 183, "weight": 0.83333335189846169}, {"source": 18, "target": 183, "weight": 0.83333335389113383}, {"source": 19, "target": 183, "weight": 0.83333334234560308}, {"source": 8, "target": 184, "weight": 90.952380924344823}, {"source": 0, "target": 185, "weight": 0.83333333335490023}, {"source": 1, "target": 185, "weight": 0.83333333738577331}, {"source": 2, "target": 185, "weight": 0.83333334758154165}, {"source": 3, "target": 185, "weight": 0.83333334094327483}, {"source": 4, "target": 185, "weight": 0.83333333333362669}, {"source": 5, "target": 185, "weight": 0.83333334505369727}, {"source": 6, "target": 185, "weight": 0.83333333401257681}, {"source": 7, "target": 185, "weight": 0.83333333379802044}, {"source": 8, "target": 185, "weight": 0.83333333350111682}, {"source": 9, "target": 185, "weight": 0.83333333883365035}, {"source": 10, "target": 185, "weight": 0.83333333333333504}, {"source": 11, "target": 185, "weight": 0.83333334161810479}, {"source": 12, "target": 185, "weight": 0.83333333747564964}, {"source": 13, "target": 185, "weight": 0.83333333636325879}, {"source": 14, "target": 185, "weight": 80.208333236376191}, {"source": 15, "target": 185, "weight": 0.83333333622608841}, {"source": 16, "target": 185, "weight": 0.83333334066050169}, {"source": 17, "target": 185, "weight": 0.83333333336641324}, {"source": 18, "target": 185, "weight": 0.83333333455528957}, {"source": 19, "target": 185, "weight": 0.83333334039028695}, {"source": 0, "target": 186, "weight": 25.559057493040942}, {"source": 5, "target": 186, "weight": 22.484420725814484}, {"source": 12, "target": 186, "weight": 45.249999968034807}, {"source": 7, "target": 187, "weight": 45.681818141946991}, {"source": 16, "target": 187, "weight": 49.32142855911178}, {"source": 16, "target": 188, "weight": 92.692307629062825}, {"source": 15, "target": 189, "weight": 88.124999876705715}, {"source": 1, "target": 190, "weight": 33.522090607821625}, {"source": 14, "target": 190, "weight": 63.57468352495367}, {"source": 3, "target": 191, "weight": 28.055555513028409}, {"source": 5, "target": 191, "weight": 30.166666634069156}, {"source": 11, "target": 191, "weight": 28.809523789470536}, {"source": 0, "target": 192, "weight": 10.876543208297118}, {"source": 6, "target": 192, "weight": 9.6031745849168448}, {"source": 7, "target": 192, "weight": 30.443121651590701}, {"source": 14, "target": 192, "weight": 9.3518518192525697}, {"source": 15, "target": 192, "weight": 10.958132043665005}, {"source": 19, "target": 192, "weight": 19.394841261119147}, {"source": 13, "target": 193, "weight": 94.062499975846308}, {"source": 9, "target": 194, "weight": 62.165032657998239}, {"source": 12, "target": 194, "weight": 30.694444427192963}, {"source": 0, "target": 195, "weight": 2.5}, {"source": 1, "target": 195, "weight": 2.5}, {"source": 2, "target": 195, "weight": 2.5000000286604585}, {"source": 3, "target": 195, "weight": 2.5}, {"source": 4, "target": 195, "weight": 2.5000000869542984}, {"source": 5, "target": 195, "weight": 2.5}, {"source": 6, "target": 195, "weight": 2.5000000367214312}, {"source": 7, "target": 195, "weight": 2.5}, {"source": 8, "target": 195, "weight": 2.5}, {"source": 9, "target": 195, "weight": 2.5000000056479679}, {"source": 10, "target": 195, "weight": 2.5000000520072367}, {"source": 11, "target": 195, "weight": 2.5000000000009157}, {"source": 12, "target": 195, "weight": 2.5000000026657316}, {"source": 13, "target": 195, "weight": 2.5000000103973625}, {"source": 14, "target": 195, "weight": 2.5000000209060982}, {"source": 15, "target": 195, "weight": 52.499999729773705}, {"source": 16, "target": 195, "weight": 2.5000000148741242}, {"source": 17, "target": 195, "weight": 2.5}, {"source": 18, "target": 195, "weight": 2.5000000004042442}, {"source": 19, "target": 195, "weight": 2.5000000109864291}, {"source": 7, "target": 196, "weight": 93.214285678689023}, {"source": 5, "target": 197, "weight": 36.351532228734797}, {"source": 9, "target": 197, "weight": 50.791324703380504}, {"source": 4, "target": 198, "weight": 94.999999970695313}, {"source": 0, "target": 199, "weight": 2.5000000052908491}, {"source": 1, "target": 199, "weight": 2.5000000443621908}, {"source": 2, "target": 199, "weight": 2.5000000000025708}, {"source": 3, "target": 199, "weight": 2.5000000000561955}, {"source": 4, "target": 199, "weight": 2.5000000049831703}, {"source": 5, "target": 199, "weight": 2.500000001718607}, {"source": 6, "target": 199, "weight": 2.500000010691878}, {"source": 7, "target": 199, "weight": 2.5000000008860979}, {"source": 8, "target": 199, "weight": 2.5000000853214019}, {"source": 9, "target": 199, "weight": 2.5000000251859351}, {"source": 10, "target": 199, "weight": 2.5000000433026055}, {"source": 11, "target": 199, "weight": 2.5000000000013927}, {"source": 12, "target": 199, "weight": 2.5000000000059379}, {"source": 13, "target": 199, "weight": 2.5000000739371897}, {"source": 14, "target": 199, "weight": 2.5000000000134599}, {"source": 15, "target": 199, "weight": 2.5000000029027585}, {"source": 16, "target": 199, "weight": 52.499999653841776}, {"source": 17, "target": 199, "weight": 2.5000000308187218}, {"source": 18, "target": 199, "weight": 2.5}, {"source": 19, "target": 199, "weight": 2.5000000166772494}, {"source": 11, "target": 200, "weight": 45.249999948298196}, {"source": 13, "target": 200, "weight": 13.030216049214991}, {"source": 15, "target": 200, "weight": 10.117958723724923}, {"source": 18, "target": 200, "weight": 5.984006293655133}, {"source": 19, "target": 200, "weight": 18.201152228664824}, {"source": 9, "target": 201, "weight": 94.722222166587628}, {"source": 9, "target": 202, "weight": 92.083333295762202}, {"source": 0, "target": 203, "weight": 0.31250000303214653}, {"source": 1, "target": 203, "weight": 12.272727272733844}, {"source": 2, "target": 203, "weight": 0.31250000322930765}, {"source": 3, "target": 203, "weight": 0.31250000818218004}, {"source": 4, "target": 203, "weight": 12.372685191655783}, {"source": 5, "target": 203, "weight": 20.703124925611753}, {"source": 6, "target": 203, "weight": 12.02083336304613}, {"source": 7, "target": 203, "weight": 0.31250000276836848}, {"source": 8, "target": 203, "weight": 0.31250000337263462}, {"source": 9, "target": 203, "weight": 0.31250000483253049}, {"source": 10, "target": 203, "weight": 0.31250000002280953}, {"source": 11, "target": 203, "weight": 11.328125000542965}, {"source": 12, "target": 203, "weight": 0.3125000033194083}, {"source": 13, "target": 203, "weight": 0.3125000012935405}, {"source": 14, "target": 203, "weight": 0.3125000012732343}, {"source": 15, "target": 203, "weight": 0.31250000375645548}, {"source": 16, "target": 203, "weight": 21.488970515205878}, {"source": 17, "target": 203, "weight": 0.3125000058602494}, {"source": 18, "target": 203, "weight": 0.31250000632252317}, {"source": 19, "target": 203, "weight": 0.31250000487114427}, {"source": 16, "target": 204, "weight": 92.692307603172026}, {"source": 5, "target": 205, "weight": 94.062499951930619}, {"source": 0, "target": 206, "weight": 1.666666666666667}, {"source": 1, "target": 206, "weight": 1.6666666666674494}, {"source": 2, "target": 206, "weight": 1.666666666666667}, {"source": 3, "target": 206, "weight": 1.666666666666667}, {"source": 4, "target": 206, "weight": 1.6666666680010866}, {"source": 5, "target": 206, "weight": 25.066012225444695}, {"source": 6, "target": 206, "weight": 1.666666666666667}, {"source": 7, "target": 206, "weight": 1.666666666666667}, {"source": 8, "target": 206, "weight": 1.666666666666667}, {"source": 9, "target": 206, "weight": 1.6666666666666667}, {"source": 10, "target": 206, "weight": 44.933987666588735}, {"source": 11, "target": 206, "weight": 1.666666666666667}, {"source": 12, "target": 206, "weight": 1.666666666666667}, {"source": 13, "target": 206, "weight": 1.666666666666667}, {"source": 14, "target": 206, "weight": 1.6666667377109503}, {"source": 15, "target": 206, "weight": 1.6666666666673429}, {"source": 16, "target": 206, "weight": 1.6666666844592191}, {"source": 17, "target": 206, "weight": 1.6666666825988292}, {"source": 18, "target": 206, "weight": 1.666666666666667}, {"source": 19, "target": 206, "weight": 1.6666666685283735}, {"source": 1, "target": 207, "weight": 96.041666638745937}, {"source": 10, "target": 208, "weight": 94.06249994455294}, {"source": 16, "target": 209, "weight": 92.692307628986114}, {"source": 7, "target": 210, "weight": 93.214285679090466}]}